imo,mmsi,name,flag,type
9116462,1073727001,"AEGEANQUE EN",,"Passengers Ship"
8882533,998666200,"DONA ANNETTE",,"Not available"
7373737,999000073,MISTRAL,,"Other Type"
5242880,999868921,"SHUN FENG 04",,"Reserved for future use"
9411903,1044362668,ACHAEOS,,"Ro-Ro/Passenger Ship"
3165096,1014473400,SALAMIS,,Cargo
9386158,993250540,CHELSEA5,,"General Cargo"
6789029,991982939,V,,"Not available"
9126755,987654322,DENEME2,,Fishing
1234658,987600000,ABCD,,Cargo
9459565,982570222,"OCEANIC SIRIUS FRC",,"Research/Survey Vessel"
9459565,982570221,"OCEANIC SIRIUS WB2",,"Research/Survey Vessel"
9999999,982219999,B,,"Not available"
9683142,982000000,DLV2000,,Tanker
9390126,977387782,"SUPERPESA XI",,Tug
6086389,970216917,"QMMG\1RSUE&GP5U76VGE",,
8898453,955132261,UFIMETS,,"General Cargo"
9517317,941290000,"LONG XING DAO",,"Passenger C"
8933746,932676000,JOSAMO,,"General Cargo"
1119991,919191919,SUNRISE3,,"Not available"
7738249,913916393,"MARITECH (RADIO CO)",,"Search and Rescue vessel"
8223450,913911000,DH,,Cargo
9355642,913526478,"THUAN PHAT 88",,"Reserved for future use"
9680865,911100000,"FEOSO PIONEER",,Tanker
8630241,901235138,"UNLIMITED 2",,
8223311,900466888,TALOFA,,Cargo
9559594,899031000,AAAAAAAA,,Cargo
9709099,896448675,"CIPTA JAYA HARAPAN 7",,"Pleasure Craft"
1009869,893191082,AUSPICIOUS,,Yacht
6806535,888888886,BOEMMELFJORD,,"Fishing Vessel"
6100951,888888880,HAP,,Cargo
8424379,888856789,"JANE S",,Tug
9044085,884466660,"MS TRUE",,"Oil/Chemical Tanker"
9017147,884313000,SALAMAH,,"Oil Products Tanker"
4436215,884259400,SHOWTIME,,Passenger
1179648,881818514,"K J PILOT",,"Pilot Vessel"
8300482,881124000,SOLEIL,,"General Cargo"
8314990,881047000,S.ATLANTIC,,"Bulk Carrier"
9219927,877141000,"BOBBY RAWLE TIDE",,"Other Type"
6714146,875377000,LARA,,"General Cargo"
8513247,873976000,"FLOWER OF SEA",,"General Cargo"
9694537,873550047,"WIDE CHARLIE",,"Cargo A"
7722592,872127000,LEONID_MILOSLAVSKIY,,Reefer
9315513,866947110,BOURBON,,"Offshore Supply Ship"
9214381,866779420,ALERT,,Tug
9043873,866608000,"CALIFORNIA RESPONDER",,"Pollution Control Vessel"
7396599,856818000,"CARIB TRADER  II",,"General Cargo"
9030400,852313000,"SELAT TOPMAN",,Tug
8800391,847363111,BFWELWATER,,"Bulk Carrier"
5090414,847159400,DIONEA,,Yacht
1593603,845913084,"CAPT D",,"Not available"
8137770,845549000,TIME,,"General Cargo"
8987840,844606310,HAWK,,"Offshore Supply Ship"
7383114,841816000,KARL,,"Pallet Carrier"
9108116,836017011,NIKIFOROS,,"Bulk Carrier"
6085877,835999189,"QMMG\1PSUE&WP5U76VGE",,
8226557,824848428,BINO,,Tug
8181751,822896928,NAVICOM,,Cargo
9081174,816993991,ZOYA1,,"Crude Oil Tanker"
8322911,812745000,111,,Tanker
9269142,789010012,"M 12",,"High speed craft"
9130298,785222000,"MURBEH 2",,"Base Station"
8748232,781054250,"SHUN HONG",,
8726400,779318000,WANG,,"Not available"
8415146,775994740,"SVITZER ANGLIA",VE,Tug
9677349,775994630,"GLOBAL PHOENIX",VE,"Not available"
9671541,775994620,"GLOBAL HAWK",VE,"Reserved for future use"
9318814,775994600,"ELIZABETH A MCCALL",VE,"Crew Boat"
9381471,775994550,"SIGMA I",VE,Tug
9517745,775994480,MANFU,VE,Tug
9407744,775994470,"C.M. EAGLE",VE,Tug
9429510,775994460,"C.M. ANNIE",VE,Tug
9618733,775994450,PARAMACONI,VE,Tug
9252540,775994410,"DAVID PRVI",VE,Tug
9579432,775994390,CARUAO,VE,"Other Type"
8328068,775993050,"DE LA MANCHA",VE,Fishing
8911140,775992120,"LA GALERA",VE,"Ro-Ro/Passenger Ship"
9188879,775992060,LA_PESPES,VE,"Not available"
8767886,775990260,"RIG 45",VE,"Other Type"
8764212,775990250,PIONEER,VE,"Other Type"
8762989,775990240,"RIG 61",VE,"Other Type"
8762991,775990230,"RIG 62",VE,"Wing in ground"
6766624,775990220,"RIG PATHFINDER",VE,"Other Type"
8762965,775990210,"RIG 52",VE,"Other Type"
8764391,775990180,"RIG 41",VE,"Other Type"
8764298,775990160,"F.MIRANDA 112",VE,Towing
8764183,775990140,"F. MIRANDA 110",VE,"Other Type"
8764303,775990100,"AJS 103",VE,"Other Type"
8764274,775990090,"AJS 102",VE,"Other Type"
8764247,775990080,AJS-101,VE,"Other Type"
9611888,775912000,"LOS MONJES",VE,Cargo
9611876,775911000,"LOS ROQUES",VE,Cargo
9611852,775909000,"LOS FRAILES",VE,"Military ops"
9652155,775823000,LILY,VE,Tug
9652143,775822000,LEO,VE,Tug
7615907,775821000,"HARTA 1",VE,"Offshore Supply Ship"
9338163,775811000,DIHECISEIS,VE,Tug
8901652,775810000,"DRAGA GUAYANA",VE,"Dredging or underwater ops"
1111111,775654321,"DONA RAMONA",VE,"Not available"
8810190,775633000,"EL CUMANES",VE,Reefer
7342304,775626000,"LA ROSA MISTICA",VE,Fishing
9164859,775349000,"VFM ANDRES",VE,"General Cargo"
9164861,775348000,"VFM EDUARDO",VE,"General Cargo"
9429962,775343000,"JOSE MARIA ESPANA",VE,"General Cargo"
9191565,775342000,"ICOA URU",VE,"Bulk Carrier"
8131324,775341000,ICOA,VE,"Cement Carrier"
9429730,775339000,"JOSE LEONARDO CHIRIN",VE,"General Cargo"
9117002,775336000,"SEABULK ST CHARLES",VE,Passenger
7910149,775333000,"T/S BOCA GRANDE II",VE,"Other Type"
8814366,775332000,"RIO ARAUCA",VE,"General Cargo"
9117014,775328000,"SEABULK ST. MARTIN",VE,Passenger
8973186,775327000,"SEABULK ST LANDRY",VE,Passenger
8611099,775324000,MARGARITA,VE,"General Cargo"
8132055,775320000,MELINA,VE,Cargo
9190561,775111111,NEPTUNO,VE,"Other Type"
9310305,775107000,SAMBA,VE,"Oil/Chemical Tanker"
9297436,775106000,"MT FELICITY",VE,"Crude Oil Tanker"
9407407,775104000,"HORIZON THEONI",VE,"Oil/Chemical Tanker"
9407378,775103000,"HORIZON ATHENA",VE,"Oil/Chemical Tanker"
9333656,775102000,"ICE FIGHTER",VE,"Crude Oil Tanker"
9301732,775100000,"ICE ENERGY",VE,"Crude Oil Tanker"
9301744,775099000,"ICE VICTORY",VE,"Crude Oil Tanker"
9416393,775098000,HONESTY,VE,"Oil/Chemical Tanker"
9413676,775096000,DIGNITY,VE,"Oil Products Tanker"
9552501,775094000,TAMANACO,VE,Tanker
9552496,775093000,TEREPAIMA,VE,Tanker
9416381,775092000,CLARITY,VE,"Oil/Chemical Tanker"
9543512,775091000,PARAMACONI,VE,"Crude Oil Tanker"
9543500,775090000,YARE,VE,Tanker
9444821,775083000,PICACHO,VE,"Oil Products Tanker"
8012786,775082000,"PICO EL TORO",VE,"Oil/Chemical Tanker"
7802134,775069000,"BRITISH SHIELD",VE,"Oil Products Tanker"
8022858,775056000,CAURA,VE,"Oil/Chemical Tanker"
9117492,775054000,"MANUELA SAENZ",VE,"Oil Products Tanker"
9117478,775053000,"LUISA CACERES DE ARI",VE,"Oil Products Tanker"
9117507,775052000,"NEGRA MATEA",VE,Tanker
7613961,775050000,EMPRENDEDORA,VE,"Landing Craft"
9117480,775048000,"NEGRA HIPOLITA",VE,"Oil Products Tanker"
7700726,775030000,"M/N RIO ORINOCO",VE,Cargo
8117524,775010000,INCIARTE,VE,"Crude Oil Tanker"
1048576,774559424,CANAIMA,,"Not available"
7155880,773982424,"RIO CARONI",,Cargo
9623180,771992427,GEOSAND,,"Pleasure Craft"
9753131,770576367,ARRIERO,UY,Tug
8519590,770576364,"VB GLADIADOR",UY,"Anchor Handling Vessel"
6819104,770576346,"RIO SOLIS III",UY,Trawler
9461740,770576343,"DIDI K",UY,"Anchor Handling Vessel"
8919506,770576342,"ATLANTIC EXPRESS",UY,"Ro-Ro/Passenger Ship"
7802952,770576338,ANTWERPEN,UY,"Self Discharging Bulk Carrier"
8818879,770576329,"PROVINCIAS UNIDAS",UY,"General Cargo"
9024621,770576321,RAMBLA,UY,"Fishing Vessel"
9460409,770576318,SOFIA,UY,Tanker
9298014,770576302,"PUNTA SAYAGO",UY,Tug
7715953,770576300,"DON MIGUEL",UY,"Self Discharging Bulk Carrier"
7723671,770576297,"ANCAP OCTAVO",UY,Tug
9646235,770576283,"PUNTA DIAMANTE",UY,Tug
8806151,770576282,ALESSI,UY,"General Cargo"
8608822,770576281,"PALMIRA 1",UY,"Fishing Vessel"
9551868,770576279,BLUEFIN,UY,"Oil/Chemical Tanker"
9646223,770576278,"PUNTA PEREIRA",UY,Tug
7645732,770576277,"ELS MAITE",UY,"Offshore Supply Ship"
9610028,770576272,FRANCISCO,UY,"Ro-Ro/Passenger Ship"
9214771,770576271,"PUNTA BRAVA",UY,Tug
9268356,770576269,"PUNTA GORDA",UY,Tug
6801028,770576265,"AUDAX II",UY,
8821336,770576264,"VB PUNTA DEL ESTE",UY,Tug
8952998,770576244,"GRUA FLOTANTE GF2",UY,"Other Type"
8820133,770576240,"RIGEL T",UY,"Oil Products Tanker"
7396381,770576232,"BUENOS AIRES EXPRESS",UY,"Passengers Ship"
9119385,770576231,"SILVIA ANA L",UY,"Ro-Ro/Passenger Ship"
7363841,770576227,"SANT BULT",UY,Tug
8502248,770576223,"FLECHA DE BS AS",UY,"Ro-Ro/Passenger Ship"
8704937,770576220,"COLONIA EXPRESS",UY,Passenger
9043952,770576219,"PATRICIA OLIVIA II",UY,"Ro-Ro/Passenger Ship"
7217858,770576198,SUDESTADA,UY,Tug
8020135,770576196,LUCERO,UY,"General Cargo"
8317710,770576192,PAMPERO,UY,Tug
9241138,770576190,"VB MONTEVIDEO",UY,Tug
8317710,770576189,"GAUCHO 2",UY,Tug
9044114,770576154,MATRERO,UY,Tug
8819483,770576150,ALDEBARAN,UY,Fishing
6016685,770576120,ANTARES,UY,Fishing
8869581,770576105,"ELADIA ISABEL",UY,"Ro-Ro/Passenger Ship"
7821013,770576078,"ANCAP NOVENO",UY,"Oil Products Tanker"
8411176,770576067,GAUCHO,UY,Tug
7011644,770576066,"ANGLIAN WARRIOR",UY,Tug
6801860,770576064,ZAANDAM,UY,Fishing
6704749,770576063,ZURITA,UY,Fishing
9326677,770576044,OWBALTIC,UY,"Oil Products Tanker"
7808188,770576010,PLATENSE,UY,"Ro-Ro Cargo"
9001540,770576009,"ATLANTIC III",UY,"Ro-Ro/Passenger Ship"
9053464,770565353,BADARO,UY,Fishing
9308429,765123452,HAYDN,SR,"Container Ship"
7650017,765000017,"FAKE 204795 FAKE",,"Other Type"
7650006,765000006,"TACT 6",SR,"Military ops"
7650005,765000005,"TACT 5",SR,"Not available"
9052903,760126000,"BAP TACNA",PE,"Replenishment Vessel"
8417261,760001220,"SANTA CLARA B",PE,Tanker
9144160,760001110,"CNP PAITA",PE,"Container Ship"
9291638,760000700,"TRADEWIND HOPE",PE,Tanker
9262869,760000440,MOQUEGUA,PE,"Tanker D"
9763928,760000400,"DON OLE",PE,Fishing
6708412,756050576,"PLATA     FEEDER",,Cargo
7407996,755890648,"PATRICIA M",PY,"Not available"
8522377,755890643,"SARA A",PY,"Not available"
1048576,755888819,VOSTOK,PY,"Not available"
8933746,755355148,JOSAMO,PY,"General Cargo"
9686481,755091100,"HB LYNX",PY,Tug
9545974,755055000,"RAUL D",PY,Tug
9535503,755053000,CLARA.B,PY,Tug
9551090,755043000,"AVA PAYAGUA",PY,Tug
9686455,755023456,"HB HYDRA",PY,Towing
9686508,755022300,"HB AQUILA",PY,"Other Type"
9686510,755022000,"HB SCORPIUS",PY,"Other Type"
9686522,755012300,"HB CENTAURUS",PY,"Not available"
9686483,755011000,"HB PEGASUS",PY,"Other Type"
9051997,755009822,TEHIA,PY,"General Cargo"
7034878,755004000,EXPLORADOR,PY,"General Cargo"
7816109,755002914,"DONA MARGARITA",PY,"Ro-Ro Cargo"
7822524,755002000,"PLATA FEEDER",PY,"General Cargo"
9291585,752729680,"YM VENU_   8  ,  !",,"Oil/Chemical Tanker"
9739707,752032001,"NIVAGA 3",,"Passenger A"
7500762,750000037,FAIRLAND,GY,"General Cargo"
7816109,745663445,"DONA MARGARITA",GF,"Ro-Ro Cargo"
9741700,744738287,OH679,,"Not available"
6805165,740845003,NIKY,FK,"General Cargo"
9361603,740382000,TRONIO,FK,Fishing
8704779,740372000,"NEW POLAR",FK,Trawler
8916932,740369000,CFL.GAMBLER,FK,Fishing
8517463,740368000,KALATXORI,FK,Trawler
8717465,740366000,"ROBIN M. LEE",FK,Trawler
8516043,740363000,"PARADANTA PRIMERO",FK,Trawler
8604694,740359000,"ARGOS VIGO",FK,Trawler
8605947,740358000,CASTELO,FK,Trawler
9114256,740357000,"ERNEST SHACKLETON",FK,"Research/Survey Vessel"
8521347,740356000,SIL,FK,"Factory Trawler"
8619754,740354000,VENTURER,FK,Trawler
8600430,740353000,"ARGOS PEREIRA",FK,Trawler
8801979,740344000,"GOLDEN CHICHA",FK,Trawler
8904496,740339000,"JAMES CLARK ROSS",FK,"Research/Survey Vessel"
8600428,740338000,IGUELDO,FK,Trawler
7813119,740337000,"BEAGLE FI",FK,Trawler
8704614,740336000,"ARGOS GALICIA",FK,Trawler
7388499,740335000,CAPRICORN,FK,Trawler
7819125,740333000,PETREL,FK,Trawler
9302601,739332480,Y,,Cargo
9242091,735059314,"B/RAM TUMBES",EC,Tug
9710983,735059287,JOCAY,EC,Fishing
9038165,735059255,KENY,EC,Fishing
9186027,735059214,"RAM PUYANGO",EC,"Other Type"
8619106,735059007,LIBERTAD2,EC,Tanker
9175482,735058769,"MARIA DEL CARMEN VI",EC,"Oil Products Tanker"
9204908,735058261,"GUAYAS II",EC,"Other Type"
9410246,735057784,"MARIA DEL CARMEN III",EC,Tanker
9174373,735057549,SANTIAGO,EC,Tug
6802319,735057545,"B/T BONITO",EC,Tanker
8028254,733788889,TEMPTATION,,Cargo
9536492,730151209,"RM BOREAS",CO,Tug
9695547,730151181,MARDEANGELES,CO,Tug
9536507,730151136,ALISIOS,CO,Tug
9390238,730151101,"RM APOLO",CO,"Other Type"
9241920,730151081,"RM CALIMA I",CO,Tug
8810750,730151041,MONIKA,CO,"General Cargo"
9675250,730151035,"RM GAIRA",CO,Tug
9562556,730151030,CHINOOK,CO,Tug
9654438,730151010,"GPC TESORO",CO,Tug
9654426,730128000,"GPC ROSARIO",CO,Tug
9654414,730127000,"GPC BARU",CO,Tug
9396397,730125000,R.M.BARU,CO,Tug
9598983,730109000,TYR,CO,Tug
9637648,730105000,"DONA CLARY",CO,Cargo
9517783,730095000,"MRS DOROTY",CO,Tug
9517848,730093000,"OSCAR PAEZ JR.",CO,Tug
9303625,730092000,"DON NICOLA",CO,"Anchor Handling Vessel"
7402623,730088000,"CARTAGENA SUN",CO,"Oil/Chemical Tanker"
8803355,730087000,"TUG COVENAS",CO,Fishing
8424628,730085000,CERREJON,CO,Tug
9579377,730079000,"SEA TROUT",CO,"Anchor Handling Vessel"
7507758,730077000,GOLIATH,CO,"Towing > 200m OR Breadth > 25m"
8983648,730068000,MR.SAM,CO,"Other Type"
9121508,730063000,TITANIA,CO,Tug
8129450,730060000,"B/T SAN ANDRES II",CO,"Oil Products Tanker"
9381093,730044000,ODIN,CO,Tug
9287443,730026000,PENSILVANIA,CO,"General Cargo"
9734317,726848936,TARUA,,"Not available"
8564079,725818858,KALATIK,CL,Passenger
9213193,725027000,HUEMUL,CL,"Chemical Tanker"
9254812,725019920,ABTAO,CL,"Oil Products Tanker"
9232981,725019910,COPIHUE,CL,"Container Ship"
9046083,725019600,COPERNICO,CL,"General Cargo"
9346469,725019340,"PUNTA GRUESA",CL,"Oil Products Tanker"
7431222,725019316,725019316,CL,"Military ops"
9420760,725019310,PUDU,CL,"Oil/Chemical Tanker"
9281803,725019210,"DONA ANA",CL,"Oil/Chemical Tanker"
9580132,725019110,"SPL TARAPACA",CL,"Bulk Carrier"
9304203,725019109,LORETO,CL,"Bulk Carrier"
8642799,725019006,ESMERALDA,CL,"Sailing Vessel"
8909111,725018300,LINGUE,CL,"Bulk Carrier"
9163764,725018100,LAMA,CL,"Oil/Chemical Tanker"
9299367,725017900,"PUNTA ANGAMOS",CL,"Oil Products Tanker"
9191632,725017700,CONDOR,CL,Cargo
9197351,725017200,MAPOCHO,CL,"Container Ship"
8312758,725015100,TUPUNGATO,CL,"Bulk Carrier"
7312141,725014800,AMATISTA,CL,"General Cargo"
7927520,725012200,"DONA CARMELA",CL,"Oil Products Tanker"
8708957,725011900,UNIONSUR,CL,"Factory Trawler"
7211218,725011100,ANTONIO,CL,"Not available"
9242091,725010400,TUMBES,CL,Tug
9304643,725010010,"CABO TAMAR",CL,"Crude Oil Tanker"
8312772,725009700,TATIO,CL,"Bulk Carrier"
9191553,725009210,"BOW ANDES",CL,"Chemical Tanker"
9116149,725005570,"RAULI N",CL,"Bulk Carrier"
9113850,725005560,"ROBLE N",CL,"Bulk Carrier"
9169251,725004520,"PAM DON ALFONSO",CL,"Fishing Vessel"
9434022,725004430,SKYRING,CL,Tug
9384394,725004420,OTWAY,CL,Tug
8100129,725004360,SAMSON,CL,"General Cargo"
9184407,725003670,"SAN JOSE",CL,"Fishing Vessel"
9345661,725003570,"BANDURRIA II",CL,Tug
9317327,725002750,PELLAIFA,CL,Tug
9299989,725002740,PULLINQUE,CL,Tug
8609541,725002410,"PAM LEOPARDO",CL,Fishing
7404372,725002360,"CABO DE HORNOS",CL,Fishing
9262376,725002350,"GLOBALPESCA I",CL,"Other Type"
9253650,725002040,PEQUEN,CL,Tug
9276987,725001793,"TRICAHUE I",CL,
8009026,725001517,COYHAIQUE,CL,"Ro-Ro Cargo"
9760976,725001502,TALTAL,CL,"Other Type"
8324086,725001479,"BERKAY N",CL,"General Cargo"
9629718,725001411,ANTOFAGASTA,CL,"Oil/Chemical Tanker"
9629495,725001409,ARICA,CL,"Oil Products Tanker"
9654440,725001404,CHERCAN,CL,Tug
9525431,725001346,CUCAO,CL,Tug
9278911,725001321,ALMENDRO,CL,"Bulk Carrier"
9744219,725001305,ANGOL,CL,"Other Type"
9310575,725001302,CORRAL,CL,"Bulk Carrier"
9734317,725001297,TIRUA,CL,"Other Type"
9731494,725001276,CABURGUA,CL,"Other Type"
9260378,725001204,CORCOVADO,CL,"General Cargo"
9205615,725001193,"ULTRA TRONADOR",CL,"Bulk Carrier"
7411674,725001180,"IORANA CARGO",CL,"General Cargo"
9623154,725001172,BEAGLE,CL,Tug
9708344,725001155,LEBU,CL,Tug
9662629,725001154,MAKOHE,CL,Tug
9705615,725001135,ANTUCO,CL,"Other Type"
9706059,725001134,RITOQUE,CL,"Other Type"
9311359,725001131,"CABO FROWARD",CL,"Oil Products Tanker"
7424059,725001123,DANSTAR,CL,"General Cargo"
9316050,725001048,ELENA,CL,"Bulk Carrier"
9580156,725001045,"SPL ATACAMA",CL,"Bulk Carrier"
9673915,725000996,PUQUEN,CL,Tug
9145499,725000950,"MARIA JOSE",CL,"Fishing Vessel"
9655860,725000927,"PELICANO II",CL,Tug
9643116,725000925,MAIHUE,CL,Tug
9643104,725000924,COLICO,CL,Tug
9384382,725000906,RANCO,CL,Tug
9148477,725000890,CORSARIO_I,CL,Trawler
9620889,725000888,"RAM CHORLO",CL,Tug
9620877,725000878,YAMAN,CL,Tug
9604627,725000875,YAGHAN,CL,Passenger
9141560,725000850,"DON MANUEL",CL,Fishing
9559511,725000823,RUPANCO,CL,Tug
9261061,725000818,CORDILLERA,CL,"General Cargo"
9572783,725000802,ELQUI,CL,Tug
9287821,725000795,"DON GONZALO 1",CL,"Oil Products Tanker"
9287819,725000794,"DON PANCHO",CL,"Oil Products Tanker"
9528988,725000785,ENCO,CL,Tug
9579353,725000777,CHUCAO,CL,Tug
9579365,725000776,CARANCA,CL,Tug
7434092,725000755,"SAINT BRANDAN",CL,Cargo
9105815,725000752,"AGUNSA ORCA",CL,Passenger
9570163,725000736,TUNQUEN,CL,Tug
9570151,725000723,PUELO,CL,Tug
9559509,725000715,PUYEHUE,CL,Tug
9453028,725000714,HORCON,CL,Tug
9453016,725000695,LONCURA,CL,Tug
7424023,725000682,"VARUA VAIKAVA",CL,"General Cargo"
9105671,725000669,"PAM PELICANO",CL,Trawler
9434034,725000636,FITZROY,CL,Tug
7028441,725000629,VOR,CL,Cargo
9571454,725000607,FARDELA,CL,Tug
7303140,725000591,"PUERTO WILLIAMS",CL,Fishing
8517669,725000390,"DON PEDRO",CL,Cargo
8212301,725000325,ARAUCANO,CL,Tanker
9308326,725000297,"AGUILA III",CL,"Offshore Supply Ship"
8122684,725000261,"B\F UNZEN",CL,Fishing
8212300,725000230,ARAUCANO,CL,Tanker
9003110,725000205,"B/C ABATE MOLINA",CL,"Fishery Research Vessel"
9702273,722832000,"MSC ANTONELLA",,Cargo
7007514,720939000,"LOYALTY EXPRESS",BO,"General Cargo"
8126549,720938000,SLINGSHOT,BO,Cargo
7702918,720936000,"ABD ALKARIM",BO,"General Cargo"
9071052,720927000,"UNITED OCEAN",BO,"General Cargo"
7321441,720923000,JOUDI,BO,"General Cargo"
7803229,720919000,ALEX,BO,"General Cargo"
7413921,720917000,"HADDAD 1",BO,"General Cargo"
8113205,720916000,SHARK,BO,"General Cargo"
7702748,720914000,"SEA BIRD",BO,"General Cargo"
7909619,720905000,"MED DREAM",BO,"Ro-Ro/Passenger Ship"
8408454,720899000,NAIYA,BO,"Ro-Ro Cargo"
6602513,720892000,"VOICI BERNADETTE",BO,"General Cargo"
7366037,720891000,"ENAS H",BO,"General Cargo"
7819876,720889000,"M/V ABDULLAH",BO,"General Cargo"
8117421,720874000,LISANNE,BO,"General Cargo"
8416152,720869000,"MOUNIE K",BO,"General Cargo"
8129474,720863000,SHAM,BO,"General Cargo"
7930553,720849000,MINOUCHE,BO,"General Cargo"
7802392,720839000,"MV RED BARONESS",BO,"General Cargo"
8419724,720834000,"CAPTIN MUSTAFA",BO,Cargo
6522921,720777000,"VALPARAISO I",BO,"General Cargo"
7800306,720734000,"AHMAD PRINCE",BO,"General Cargo"
8370522,720722000,DRATBINGA-4,BO,
7637345,720718000,"FAMILY ISLAND",BO,"General Cargo"
7311800,720662000,ALMAHER,BO,"Not available"
7119991,720605000,ATENEA,BO,Cargo
5013556,720501355,"IB ASUNCION",BO,"Wing in ground"
8951431,720318000,SOYF,BO,Cargo
7930553,719800424,MINOUCHE,,"General Cargo"
1234567,715112332,INTERMARINE,,"Not available"
8501854,712048557,"ASTR_ PARATI",,"Anchor Handling Vessel"
8501907,712048554,"ASTRO ENCHOVA",,"Anchor Handling Vessel"
7911741,710999986,"NS LORETO",BR,"Offshore Supply Ship"
8501854,710999981,"ASTRO PARATI",BR,"Anchor Handling Vessel"
7911739,710999977,MARATI,BR,"Offshore Supply Ship"
7911753,710999976,ECO-OCTO,BR,"Other Type"
7434509,710999973,"SAGA RONCADOR",BR,"Offshore Supply Ship"
8617108,710999117,"MT LIVRAMENTO",BR,"Oil Products Tanker"
8501842,710999112,"ASTRO VERMELHO",BR,"Anchor Handling Vessel"
8501830,710999111,"ASTRO GAROUPA",BR,"Anchor Handling Vessel"
8501828,710999108,"ASTRO GUARICEMA",BR,"Anchor Handling Vessel"
8502963,710999107,CLARISSE,BR,"Anchor Handling Vessel"
8502949,710999104,CARMEN,BR,Tug
8501880,710999103,"ASTRO ARRAIA",BR,"Anchor Handling Vessel"
8501878,710998000,"ASTRO PARGO",BR,"Anchor Handling Vessel"
8753964,710992000,PIII,BR,"Drilling Jack Up"
9723784,710498000,"VITAL DE OLIVEIRA",BR,"Not available"
9526411,710495000,"NPAOC ARAGUARI",BR,"Patrol Vessel"
9526409,710494000,"BRS APA",BR,"Patrol Vessel"
9526394,710493000,"NPAOC AMAZONAS",BR,"Patrol Vessel"
9668752,710335000,"STARNAV REGULUS",BR,Cargo
8617081,710319500,"M\V PIRAI",BR,"Crude Oil Tanker"
9467158,710295000,"ALIANCA ENERGIA",BR,"General Cargo"
8617067,710267000,PIQUETE,BR,"Crude Oil Tanker"
7801764,710256000,"NT NEUSA",BR,"Oil Products Tanker"
7801752,710255000,NARA,BR,"Oil Products Tanker"
7801740,710254000,NORMA,BR,"Oil Products Tanker"
7921899,710253000,GUAPORE,BR,"Lpg Tanker"
7921875,710252000,GUARUJA,BR,"Lpg Tanker"
8516897,710248000,GURUPI,BR,"Lpg Tanker"
8506438,710247000,GURUPA,BR,"Lpg Tanker"
8506426,710246000,GRAJAU,BR,"Lpg Tanker"
9668740,710245000,"STARNAV URSUS",BR,"Offshore Supply Ship"
7801726,710244000,NILZA,BR,"Oil Products Tanker"
7921887,710243000,GUARA,,"Lpg Tanker"
7801714,710242000,MAISA,BR,"Oil Products Tanker"
7801702,710240000,DILYA,BR,"Oil Products Tanker"
9453810,710239000,"ZUMBI DOS PALMARES",BR,Tanker
9668738,710238000,"STARNAV CENTAURUS",BR,"Cargo A"
7801697,710237000,DIVA,BR,"Oil Products Tanker"
9644122,710236000,TAGAZ,BR,"Offshore Supply Ship"
9453315,710234000,"JOAO CANDIDO",BR,"Crude Oil Tanker"
9687368,710231000,"BRAM BOA VISTA",BR,"Not available"
9578660,710218000,"SIEM ATLAS",BR,"Offshore Supply Ship"
9056399,710172000,"NORSUL CRATEUS",BR,"Bulk Carrier"
8301814,710159000,"NT LAMBARI",BR,"Oil Products Tanker"
9679218,710123456,"WS CYGNUS",BR,"Not available"
9573141,710112233,DELPHINUS,BR,Tug
9256834,710088000,GUANACO,BR,"Oil/Chemical Tanker"
9648726,710086000,"CREST CRYSTAL",BR,Tug
8610019,710082000,"CASTILLO PLASENCIA",BR,"Oil/Chemical Tanker"
9318434,710076000,"CBO CHIARA",BR,Tug
8301802,710074500,LAGES,BR,"Oil Products Tanker"
8421171,710074400,"NT PEDREIRAS",BR,"Crude Oil Tanker"
8421169,710074200,POTENGI,BR,"Crude Oil Tanker"
8617079,710074100,PIRAJUI,BR,"Crude Oil Tanker"
8617093,710074018,"LINDOIA BR",BR,"Oil Products Tanker"
8617055,710074016,"LORENA BR",BR,"Oil Products Tanker"
9603233,710074011,"AMERICO VESPUCIO",BR,Cargo
9625396,710074009,"VICENTE PINZON",BR,"Cargo B"
9070565,710071000,"MARCOS DIAS",BR,"Bulk Carrier"
9055113,710070000,"SAO LUIZ",BR,"Bulk Carrier"
9318412,710069000,"CBO GUANABARA",BR,"Multi Purpose Offshore Vessel"
9270244,710053000,"HAROLDO RAMOS",BR,"Anchor Handling Vessel"
9273258,710052000,AUSTRAL_ABROLHOS,BR,"Offshore Supply Ship"
9270232,710050000,"YVAN BARRETTO",BR,"Anchor Handling Vessel"
9000742,710045000,"ALIANCA EUROPA",BR,"Container Ship"
9270220,710039000,"GEONISIO BARROSO",BR,"Anchor Handling Vessel"
8020769,710034000,"CASTILLO DE GUADALUP",BR,Bulker
8716227,710031000,"ENG MASCARENHAS",BR,Tug
7433610,710029000,"BRAZTRANS 1",BR,"Bulk Carrier"
9672636,710026060,"HOS BRASS RING",BR,Cargo
9679244,710025760,"WS TITAN",BR,"Pilot Vessel"
9243825,710025520,"VITORIA BAY",BR,"General Cargo"
9645621,710025240,"BRAVANTE VI",BR,Cargo
9636022,710024850,"PSV SABLE",BR,Cargo
9453858,710024830,"MARCILIO DIAS",BR,Tanker
9726279,710024440,"JIM O'BRIEN",BR,"Other Type"
9756949,710024250,BS.IPORANGA,BR,Cargo
9759460,710024040,"STARNAV AQUILA",BR,Reserved
9209556,710023990,BRIGANTIA,BR,Tug
9667590,710023860,"GNL 1008",BR,"Other Type"
9659543,710023830,"BARU ANTARES",BR,"Not available"
9645633,710023660,"BRAVANTE VII",BR,Cargo
9301988,710023520,"CANDIDO RONDON",BR,"Container Ship"
9453846,710023040,"ANDRE REBOUCAS",BR,Tanker
9492270,710023030,"ANITA GARIBALDI",BR,Tanker
9600580,710022930,"SKANDI ANGRA",BR,Tug
9763772,710022810,"STIM STAR BRAZIL",BR,"Reserved for future use"
9715751,710022690,"STARNAV PHOENIX",BR,Cargo
9316440,710022560,"VIKING THAUMAS",BR,"Offshore Supply Ship"
9257606,710022550,"VIKING SURF",BR,Cargo
9659593,710022430,"BARU PROVIDENCIA",BR,"Not available"
9596844,710021730,BARBOSALIMASOBRINHO,BR,"Other Type D"
9703667,710021570,"BRAM HERO",BR,Cargo
9659579,710021560,"BARU MUCURA",BR,"Not available"
9600580,710021220,"SKANDI ANGRA",BR,Tug
9453834,710020930,"HENRIQUE DIAS",BR,Tanker
9718284,710020280,"STARNAV ARIES",BR,"Not available"
9715749,710020270,"STARNAV DRACO",BR,"Other Type"
9655494,710020260,"UP OPAL",BR,"Offshore Supply Ship"
9578921,710019640,"SIEM MARAGOGI",BR,"Anti-pollution equipment"
9596820,710019480,"OSCAR NIEMEYER",BR,"Other Type"
9703631,710019330,"BRAM TITAN",BR,Cargo
9678135,710019280,"BRAVANTE I",BR,"Other Type"
9143221,710019130,"BOW OCEANIC",BR,"Oil/Chemical Tanker"
9696802,710019020,"STARNAV AQUARIUS",BR,Cargo
9307712,710018690,"UP SAFIRA",BR,"Offshore Supply Ship"
9668702,710018640,"SST PARINTINS",BR,Tug
9668697,710018630,"SST PAITER",BR,Tug
9715737,710018480,"STARNAV ANDROMEDA",BR,"Other Type"
9679177,710018340,"WS PEGASUS",BR,"Not available"
8704169,710017540,AQUILA,BR,Tug
9679165,710017510,"WS BELLATRIX",BR,Tug
9578672,710017360,"SIEM GIANT",BR,Cargo
9659555,710017110,"BARU GORGONA",BR,"Not available"
9668685,710017090,"SST POTIGUAR",BR,Tug
9627631,710016770,"CBO IPANEMA",BR,Cargo
8014772,710016350,CALLIO,BR,"Bulk Carrier"
9453822,710016250,"DRAGAO DO MAR",BR,Tanker
9315630,710016220,ALCANTARA,BR,Tug
9679141,710016210,"WS PHOENIX",BR,Tug
9578672,710016130,"SIEM GIANT",,"Other Type"
9703629,710015960,"BRAM ATLAS",BR,Towing
9668673,710015850,"SMIT PANARA",BR,Tug
8716239,710015190,"SAO LUIS",BR,Tug
9489924,710015170,"JOSE ALENCAR",BR,"Oil Products Tanker"
9209635,710015160,TANARUS,BR,"Other Type"
8301826,710015000,"N.T LAVRAS",BR,"Oil Products Tanker"
9685578,710014960,HUGO,BR,Tug
9600578,710014950,"SKANDI URCA",BR,"Other Type"
9627629,710014820,"CBO ARPOADOR",BR,Cargo
9685566,710014280,PHILLIPE,BR,Tug
9690432,710014030,"BRAM BUCCANEER",BR,Cargo
9573153,710013540,TELESCOPIUM,BR,Tug
9236664,710013410,"R R EUROPA",BR,"Container Ship"
7911765,710012740,MACAE,BR,"Offshore Supply Ship"
7911791,710012580,MARICA,BR,"Offshore Supply Ship"
8502951,710012570,CELIA,BR,"Anti-pollution equipment"
7911715,710012560,MAGE,BR,Cargo
9668659,710012550,"SMIT PATAXO",BR,Tug
9578892,710012520,"CBO COPACABANA",BR,"Offshore Supply Ship"
9174062,710012460,NEPTUNO,BR,Tug
9489912,710012450,"ROMULO ALMEIDA",BR,"Oil Products Tanker"
9174050,710012290,HYDRUS,BR,Tug
9680176,710012150,"BRUCE KAY",BR,"Offshore Supply Ship"
9457488,710012030,"SMIT CARAJA",BR,Tug
9457476,710012020,"SMIT CARIPUNA",BR,"Other Type"
9573141,710011990,DELPHINUS,BR,Tug
9647863,710011840,"PIO GRANDE",BR,"Bulk Carrier"
9457426,710011790,"SMIT CAIAPO",BR,Tug
9224908,710011760,"CNL SAFIRA",BR,Tug
9664304,710011410,"BRAM BRAVO",BR,"Cargo B"
9440679,710011290,PETREL,BR,"Other Type"
9573256,710011270,BATUIRA,BR,"Offshore Supply Ship"
9573440,710011210,"SEA BRASIL",BR,"Offshore Supply Ship"
9273301,710011000,"MILAN TIDE",BR,"Offshore Supply Ship"
9648154,710010960,"MAR LIMPO VII",BR,"Anti-pollution equipment"
9641261,710010940,"MAR LIMPO V",BR,"Anti-pollution equipment"
9664299,710010670,"BRAM BRASILIA",BR,"Offshore Supply Ship"
9489900,710010540,"SERGIO B. DE HOLANDA",BR,"Oil Products Tanker"
9578919,710010380,"CBO PACIFICO",BR,Cargo
9307695,710010240,"WS LEONIS",BR,Tug
9573220,710009750,"REBOCADOR PICTOR",BR,Tug
9611527,710009470,BERNARD,BR,Tug
9180956,710009280,"GUANABARA BAY",BR,"General Cargo"
9345893,710009260,"FLUMAR MACEIO",BR,"Chemical Tanker"
9644213,710009250,"BRAM BUZIOS",BR,Reserved
9471898,710009040,"LOG-IN JATOBA",BR,"Container Ship"
9528328,710008890,"SKANDI AMAZONAS",BR,"Anchor Handling Vessel"
9489895,710008830,"CELSO FURTADO",BR,"Oil Products Tanker"
9578907,710008820,"CBO ATLANTICO",BR,Cargo
9604873,710008720,"SIEM CAETES",BR,"Crew Boat"
9477397,710008710,"CBO CAROLINA",BR,"Offshore Supply Ship"
9644160,710008540,"BRAM BELEM",BR,"Offshore Supply Ship"
9074418,710008510,"MAESTRA CARIBE",BR,"Container Ship"
9085845,710008420,"AMY CHOUEST",BR,"Multi Purpose Offshore Vessel"
9226279,710008410,C-AGGRESSOR,BR,"Other Type"
8005226,710008280,"SAO JOSE",BR,"Bulk Carrier"
9231729,710008000,"CBO CAMPOS",BR,"Offshore Supply Ship"
9556600,710007910,CORMORAN,BR,"Offshore Supply Ship"
8126422,710007740,ARIES,BR,Tug
9618769,710007580,"MAR LIMPO III",BR,"Pollution Control Vessel"
9618757,710007570,"MAR LIMPO II",BR,"Pollution Control Vessel"
9573177,710007040,VELA,BR,Tug
9620308,710006970,"BRAM BAHIA",BR,"Tug/Supply Vessel"
9602198,710006950,ARCIMBALDO,BR,Tug
9471886,710006930,"LOG-IN JACARANDA",BR,"Container Ship"
9565651,710006650,"CBO ALESSANDRA",BR,"Offshore Supply Ship"
9565663,710006640,"CBO RENATA",BR,"Offshore Supply Ship"
9442067,710006540,TORDA,BR,"Offshore Supply Ship"
9387243,710006260,"SKANDI NITEROI",BR,"Offshore Supply Ship"
9555979,710006240,TIMBOPEBA,BR,Tug
9528249,710006080,"SKANDI IPANEMA",BR,"Other Type"
9541746,710005970,"REBOCADOR SCULPTOR",BR,Tug
9610602,710005960,"BRAM BRASIL",BR,"Offshore Supply Ship"
8300016,710005950,"MAESTRA ATLANTICO",BR,"Replenishment Vessel"
9426984,710005920,"CBO ANA LUISA",BR,Tug
9426972,710005580,"CBO BIANCA",BR,"Offshore Supply Ship"
9387231,710005570,"SKANDI VITORIA",BR,"Offshore Supply Ship"
9442055,710005520,TALHA-MAR,BR,"Offshore Supply Ship"
9164809,710005450,"BABITONGA BAY",BR,"General Cargo"
9572240,710005440,"NORSUL RIO",BR,Tug
9541734,710005320,"REBOCADOR REGULUS",BR,Tug
9541772,710005290,LYRA,BR,Tug
9440681,710005280,SKUA,BR,"Offshore Supply Ship"
9440708,710005130,FULMAR,BR,"Offshore Supply Ship"
9668661,710005000,"SMIT PARECI",BR,Tug
9530216,710004950,"OLIN CONQUEROR",BR,"Anchor Handling Vessel"
9416836,710004910,"FLUMAR BRASIL",BR,"Oil/Chemical Tanker"
9668726,710004880,"STARNAV PERSEUS",BR,"Offshore Supply Ship"
9477402,710004550,"CBO ANITA",BR,"Multi Purpose Offshore Vessel"
9541552,710004490,CEPHEUS,BR,Tug
9541904,710004480,AURIGA,BR,Tug
9541801,710004470,URANUS,BR,Tug
9530187,710004180,"SANTOS SCOUT",BR,"Offshore Supply Ship"
9441491,710004020,"LAB 152",BR,"Offshore Supply Ship"
9449156,710003940,BERNARD,BR,Tug
9449144,710003930,"SMIT TERENA",BR,Tug
9379014,710003910,"A.H.GIORGIO P.",BR,"Anchor Handling Vessel"
9351799,710003840,"LOG IN PANTANAL",BR,"Container Ship"
9424962,710003820,"SAVEIROS PELICANO",BR,"Offshore Supply Ship"
9424039,710003790,"CASTILLO DE HERRERA",BR,"Oil/Chemical Tanker"
9255098,710003750,"SKANDI    YARE",BR,"Offshore Supply Ship"
9423205,710003740,"CAMPOS CARRIER",BR,"Offshore Supply Ship"
9449091,710003710,"SMIT TORA",BR,Tug
9423231,710003680,"CAMPOS CHALLENGER",BR,"Multi Purpose Offshore Vessel"
9449077,710003640,"SMIT TUPI",,Tug
9348998,710003620,"LOG IN AMAZONIA",BR,"Container Ship"
9403968,710003610,"CASTILLO DE MACEDA",BR,"Oil/Chemical Tanker"
9423217,710003420,"CAMPOS COMMANDER",BR,"Offshore Supply Ship"
9441489,710003230,"LAB 151",BR,"Other Type B"
9365582,710003160,"SKANDI FLUMINENSE",BR,"Anchor Handling Vessel"
9364318,710003130,"CBO VALENTINA",BR,"Multi Purpose Offshore Vessel"
9364332,710003090,"SAVEIROS FRAGATA",BR,"Offshore Supply Ship"
9307619,710003070,"UP DIAMANTE",BR,"Multi Purpose Offshore Vessel"
9357169,710003050,"ASSO VENTISETTE",BR,"Offshore Supply Ship"
9329966,710002990,"BOS TURQUESA",BR,"Anchor Handling Vessel"
9440693,710002950,BIGUA,BR,"Offshore Supply Ship"
9530204,710002921,"SANTOS SOLUTION",BR,"Offshore Supply Ship"
9530199,710002880,"SANTOS SERVICE",BR,"Tug/Supply Vessel"
9353204,710002860,"SKANDI RIO",BR,"Anchor Handling Vessel"
9365544,710002790,"NAVEGANTES PRIDE",BR,"Multi Purpose Offshore Vessel"
7020607,710002780,"SM APOLLO",BR,"Oil Products Tanker"
9364306,710002720,"CBO ANNA GABRIELLA",BR,"Multi Purpose Offshore Vessel"
9350795,710002640,"ISLAND SPIRIT",BR,"Offshore Supply Ship"
9530060,710002520,"THOR SUPPLIER",BR,"Offshore Supply Ship"
9339131,710002480,"SKANDI  BOTAFOGO",BR,"Anchor Handling Vessel"
9530175,710002460,"SANTOS SUPPORTER",BR,"Offshore Supply Ship"
9329954,710002430,"BOS TURMALINA",BR,"Anchor Handling Vessel"
9356165,710002140,"MERCOSUL MANAUS",BR,"Container Ship"
9318450,710002090,"NORSUL VITORIA",BR,Cargo
9341835,710002080,VOLANS,BR,Tug
9307621,710001940,"UP RUBI",BR,"Offshore Supply Ship"
9530072,710001930,"SANTOS SAILOR",BR,"Offshore Supply Ship"
9541722,710001830,ANDROMEDA,BR,Tug
9541916,710001820,VEGA,,Tug
9578933,710001798,"SIEM MARATAIZES",BR,Fishing
9453860,710001764,"JOSE DO PATROCINIO",BR,Tanker
9294082,710001720,"MAERSK VEGA",BR,"Offshore Supply Ship"
9318448,710001710,"NORSUL VEGA",BR,"Articulated Pusher Tug"
9453858,710001636,"MARCILIO DIAS",BR,Tanker
9268679,710001600,"FORTE DE SAO MARCOS",BR,"Lpg Tanker"
9274862,710001550,"SEALION AMAZONIA",BR,"Offshore Supply Ship"
9657698,710001542,"FUGRO AQUARIUS",BR,"Other Type"
9274874,710001540,"BOS TOPAZIO",BR,"Anchor Handling Vessel"
9328455,710001530,"UP AGUA MARINHA",BR,"Offshore Supply Ship"
9325752,710001520,"ASSO VENTISEI",BR,Tug
9271767,710001500,"ALFANAVE CABO FRIO",BR,"Offshore Supply Ship"
9497127,710001450,"CAMPOS CONTENDER",BR,"Anchor Handling Vessel"
9657698,710001441,"FUGRO AQUARIUS",BR,"Other Type"
9453846,710001422,"ANDRE REBOUCAS",BR,Tanker
9454008,710001410,"CBO ISABELLA",BR,"Offshore Supply Ship"
9626443,710001361,BONGO,BR,"Offshore Supply Ship"
9492270,710001359,"ANITA GARIBALDI",BR,Tanker
9679189,710001354,"WS PERSEUS",BR,"Not available"
8326929,710001290,ATLANTIC0,BR,Tug
9657698,710001288,"FUGRO AQUARIUS",BR,"Other Type"
9356141,710001280,"MERCOSUL SUAPE",BR,"Container Ship"
9356153,710001270,"MERCOSUL SANTOS",BR,"Container Ship"
9303493,710001190,"MR CHAFIC",BR,"Anchor Handling Vessel"
9341859,710001110,HARIS,BR,Tug
9497139,710001010,"SANTOS SUPPLIER",BR,"Offshore Supply Ship"
9258387,710001000,"SAVEIROS GAIVOTA",BR,"Offshore Supply Ship"
9453834,710000965,"HENRIQUE DIAS",BR,Tanker
9328687,710000910,"C OURO",BR,Tug
9679153,710000873,"WS ANTARES",BR,"Other Type"
9625384,710000872,"BARTOLOMEU DIAS",BR,"Container Ship"
9215220,710000870,"HIGHLAND SCOUT",BR,"Offshore Supply Ship"
1111111,710000869,"LITHO ONE",BR,"Not available"
9283435,710000840,"SKANDI    COPACABANA",BR,"Anchor Handling Vessel"
9644158,710000815,ZARAPITO,BR,"Offshore Supply Ship"
9341847,710000790,CETUS,BR,Tug
9627632,710000768,"CBO IPANEMA",BR,Cargo
9389575,710000750,"SKANDI SALVADOR",BR,"Other Type"
1111111,710000732,"LITHO ONE",BR,"Not available"
9303508,710000720,SEABULKANGRA,BR,"Offshore Supply Ship"
9644146,710000698,ALCATRAZ,BR,"Offshore Supply Ship"
9644134,710000681,PRION,BR,"Offshore Supply Ship"
9205316,710000680,"REBOCADOR PLUTAO",BR,Tug
9603221,710000675,"FERNAO DE MAGALHAES",BR,"Container Ship"
9603219,710000646,"PEDRO ALVARES CABRAL",BR,"Container Ship"
9602875,710000596,"SEBASTIAO CABOTO",BR,"Container Ship"
9698719,710000595,"BRAM BREEZE",BR,Cargo
9482378,710000550,"CBO MANOELLA",BR,"Multi Purpose Offshore Vessel"
9578880,710000533,"CBO FLAMENGO",BR,"Offshore Supply Ship"
9528354,710000529,"SKANDI IGUACU",BR,"Anchor Handling Vessel"
9271755,710000520,"SKANDI FLAMENGO",BR,"Offshore Supply Ship"
9268681,710000510,"FORTE DE COPACABANA",BR,"Lpg Tanker"
9573244,710000500,STERNA,BR,"Offshore Supply Ship"
9604885,710000471,"SIEM CARAJAS",BR,"Crew Boat"
9291195,710000460,"LAB 180",,"Offshore Supply Ship"
9174074,710000450,"REBOCADOR POLLUX II",BR,Tug
9273923,710000440,"ALIANCA SANTOS",BR,"Container Ship"
7319008,710000435,"ALPHA CRUCIS",BR,"Research/Survey Vessel"
9273961,710000430,"ALIANCA MANAUS",BR,"Container Ship"
9573191,710000391,"REBOCADOR WEZEN",BR,Tug
9174050,710000389,MARTE,BR,Tug
9573189,710000388,CRATER,BR,Tug
9314791,710000350,TAURUS,BR,Tug
9514092,710000294,"BJ BLUE MARLIN",BR,"Well Stimulation Vessel"
8710144,710000240,"HANG JUN 3001",BR,"Trailing Suction Hopper Dredger"
9307607,710000215,"UP TOPAZIO",BR,"Offshore Supply Ship"
9207613,710000140,"ASTRO BARRACUDA",BR,"Offshore Supply Ship"
9423229,710000115,"ELIZABETH C",BR,"Anchor Handling Vessel"
9424986,710000090,"SAVEIROS ATOBA",BR,"Offshore Supply Ship"
8716241,710000060,ITAQUI,BR,Tug
9174048,710000030,JUPITER,BR,Tug
9204922,710000026,"FORTE DE SAO LUIZ",BR,"Lpg Tanker"
9231731,710000025,"CBO RIO",BR,"Offshore Supply Ship"
9229570,710000022,"SERRA POLAR",BR,"Oil Products Tanker"
9145451,710000009,HERCULES,BR,"Other Type"
9679218,710000001,"WS CYGNUS",BR,"Not available"
1048576,705160120,"NPA WURUPA",,"Not available"
9233416,704687870,BALDER,,"Self Discharging Bulk Carrier"
8418514,701829000,"PUERTO ARGENTINO",AR,"Anchor Handling Vessel"
7345930,701812000,"CAPITAN NUNEZ 256 C",AR,"Trailing Suction Hopper Dredger"
7529017,701802000,"CANAL BEAGLE",AR,"Replenishment Vessel"
7770000,701234567,"DON MANUEL",AR,Cargo
9721255,701123456,QUERANDI,AR,"Not available"
7435515,701111111,TEST,AR,Tug
9184445,701108000,"MAR MARIA",AR,"Not available"
9680035,701107000,"MARIA EMILIA LV",AR,Tanker
9253753,701106000,"CABO VIRGENES",AR,"Oil Products Tanker"
9688702,701105000,RANQUEL,AR,Tug
9262871,701104888,ARGENTIN,AR,"Container Ship"
9262871,701104000,"ARGENTINO II",AR,"Container Ship"
9642473,701103000,"EL CHALTEN",AR,"Other Type"
8120545,701101000,PARAGGI,AR,"Anchor Handling Vessel"
9508990,701098000,"PUNTA MEDANOS",AR,"Oil/Chemical Tanker"
9149093,701097000,"MYRDOMA F",AR,"Other Type"
9508976,701095000,"PUNTA     QUILLA",AR,"Oil/Chemical Tanker"
8309153,701093000,"ARGENMAR AUSTRAL",AR,"Bulk Carrier"
8002286,701090000,"PARANA I",AR,"Oil Products Tanker"
7045580,701089000,PLATA,AR,"Inland Tanker"
9311505,701088000,RECOLETA,AR,Tanker
9253765,701080000,"SAN JULIAN",AR,Tanker
8220199,701068000,"ECHIZEN MARU",AR,Fishing
8808537,701040000,"ONA TRIDENTE",AR,Tanker
7514268,701034000,"EDUARDO VIRASORO",AR,"Oil Products Tanker"
8610021,701027000,"CENT. DEL ATLANTICO",AR,"Factory Trawler"
9123219,701018000,"ANTARTIC III",AR,Fishing
9018115,701007053,NANY,AR,"Oil/Chemical Tanker"
9256030,701007052,CICLON,AR,Tug
8321618,701007051,"ULTRAMAR X",AR,Tug
8200008,701007048,"SOLEDAD RUA",AR,"Not available"
8410055,701007028,"CLEOPATRA I",AR,"Other Type"
7509495,701006646,"CANDELA S",AR,"Other Type"
1111111,701006638,CAROLINA,AR,"Not available"
6074275,701006637,"ATLANTIC EXPRESS",AR,Fishing
7509483,701006629,"NICOLE S",AR,"Articulated Pusher Tug"
9236028,701006605,CAPESANTE,AR,Fishing
9760938,701006600,"EMMA B",AR,Towing
8618346,701006591,"MARIA LUISA II",AR,"Not available"
9557989,701006497,"RUA CAP.LUCIO R.",AR,Tug
9352525,701006490,SERVIPRAC.I,AR,"Pilot Vessel"
6727478,701006480,"ESTRELLA DEL ALBA",AR,Tanker
8201894,701006463,LAIZO,AR,"General Cargo"
9107186,701006427,DUKAT,AR,Fishing
9508988,701006413,"PUNTA LOYOLA",AR,"Oil/Chemical Tanker"
9052757,701006410,"V.B. AUSTRAL",AR,Tug
9417347,701006407,"DELTAMAR IV",AR,"Oil Products Tanker"
8008060,701006396,"V.B. RECOLETA",AR,Tug
8721894,701006385,"TANGO 1",AR,Trawler
9549815,701006384,"RAM MAPUCHE I",AR,Tug
8618994,701006380,"GUSTAVO U",AR,"Oil Products Tanker"
8634039,701006362,LITORAL,AR,"Pusher Tug"
1234567,701006329,"GEMINIS 1",AR,"Not available"
7734026,701006299,ADELINA,AR,"Waste Disposal Vessel"
9328388,701006289,"ONA DON LORENZO",AR,Tug
7007497,701006267,DOMADOR,AR,Tug
8303630,701006261,MADRUGADOR,AR,Tug
8972106,701006245,"SAN JOSE V",AR,Tug
9424041,701006216,"M-T CALETA ROSARIO",AR,"Oil/Chemical Tanker"
9423384,701006188,"PAMPA V",AR,Tug
9223538,701006161,MIRADOR,AR,Tug
7372969,701006160,VIBRADOR,AR,Tug
7118909,701006157,"BG TIGER",AR,Tug
7723845,701006150,TORNADO,AR,Tug
6423151,701006129,"CIUDAD DE BS AS",AR,"Pleasure Craft"
9423308,701006126,"SOFIA R",AR,"Tanker C"
9179165,701006117,OBSERVADOR,AR,Tug
7435515,701006112,"ONA MILAGRO",AR,Tug
8100026,701006104,TIFON,AR,Tug
8330906,701006101,"SAN LORENZO H",AR,"Inland Tanker"
9274604,701006099,"ONA TRIUNFO",AR,Tug
7922063,701006098,"OMA TIFON",AR,Tug
9011129,701006095,"ONA DON VICENTE",AR,"Not available"
9201073,701006066,MARGOT,AR,Fishing
7521807,701006047,LUCHADOR,AR,Tug
9106118,701006018,"JUAN PATRICIO",AR,"Ro-Ro/Passenger Ship"
7395753,701006017,DUMAR,AR,Tug
7435515,701001612,"ONA MILAGROS",AR,"Not available"
8827569,701000959,"606 TAE BAEK",AR,"Fishing Vessel"
7312074,701000929,"BEAGLE I",AR,Fishing
8203311,701000872,"DOMINGO B",AR,Tug
8203323,701000871,"LUCIANO B",AR,Tug
8938447,701000851,"JOSE B",AR,Tug
7620952,701000821,"RUA IV",AR,Tug
6501214,701000799,"RIO CISNES",AR,"Bunkering Tanker"
8846539,701000797,"PUERTO DIAMANTE",AR,Tanker
8846527,701000796,"PUERTO POSADAS",AR,Tanker
7337567,701000792,ALBACORA,AR,Tug
7114226,701000768,"ESAMAR 4",AR,Fishing
7336501,701000717,"COALSA SEGUNDO",AR,Fishing
6915570,701000676,YAKTEMI,AR,"Port Tender"
7731062,701000656,"RUA II",AR,Tug
7212470,701000611,"CRUZ DEL SUR",AR,Tug
8867909,701000590,"PAPU VIENTO",AR,"Not available"
9287522,701000554,CONQUISTADOR,AR,Tug
7529029,701000006,"BAHIA SAN BLAS",AR,"Other Type"
1234567,701000001,"ARA LIBERTAD",AR,"Not available"
2102277,688017700,GROTNESARMEN,,"Wing in ground"
7612145,685325778,"ESTRELA DO ALENTEJO",,"Not available"
7282056,679282264,LINGBEOR,ZW,Tanker
9092214,677084600,WINNIE,TZ,"General Cargo"
7713474,677081100,"BLUE MOON",TZ,"Other Type"
9690664,677071400,"MV KILIMANJARO IV",TZ,Passenger
8324206,677071300,"COMARCO SWIFT",TZ,"Other Type"
8104010,677071200,TALON,TZ,Tug
9045182,677064000,"BRIGHT STAR",TZ,"Passenger/Cargo Ship"
8401743,677063700,"MT ARABIAN MOON",TZ,Fishing
9012525,677063500,"MIAMI SUPER",TZ,"General Cargo"
7712987,677063200,ZEEBONY,TZ,"General Cargo"
8312227,677063100,VICTORY2,TZ,"General Cargo"
8403284,677062400,"WALID M",TZ,"General Cargo"
9569712,677062300,DUNE,TZ,Tanker
9569657,677062200,"SEA CLIFF",TZ,Tanker
9357391,677062100,0.0,TZ,"Crude Oil Tanker"
6518425,677062000,"LADY MARIA",TZ,"Livestock Carrier"
9172052,677061900,SILVIA,TZ,"Crude Oil Tanker"
9172040,677061800,SABITI,TZ,"Crude Oil Tanker"
9172038,677061700,SINOPA,TZ,"Crude Oil Tanker"
9357729,677061500,DAN,TZ,"Crude Oil Tanker"
9105097,677061400,CASSENDRA,TZ,"Oil/Chemical Tanker"
8003888,677061300,TRADER,TZ,"General Cargo"
7713474,677061200,"BLUE MOON",TZ,"Other Type"
9171462,677061100,SOL,TZ,"Crude Oil Tanker"
9356593,677061000,DREAM,TZ,"Crude Oil Tanker"
8913631,677060800,"SIRUS 4",TZ,"Crude Oil Tanker"
7113894,677060600,"MONARCH QUEEN",TZ,"Ro-Ro Cargo"
8931190,677060500,VIGIL,TZ,Reserved
8324646,677060400,"AZRA S",TZ,"General Cargo"
7500736,677060300,"MONARCH COUNTESS",TZ,"Ro-Ro Cargo"
9133692,677060200,"TITAN I",TZ,Tug
7411557,677060000,SKARPOV,TZ,"Floating Storage/Production"
8327753,677059200,"M V NUR",,"General Cargo"
8400995,677059100,"SEA QUEEN",TZ,Tanker
8400995,677059001,NEWFALCON,TZ,Tanker
8306400,677059000,NAPOLI,TZ,"General Cargo"
6718427,677058800,"DELTA 1",TZ,"Livestock Carrier"
6602678,677058700,RAHMA,TZ,"General Cargo"
7319694,677058400,"AL MAJED-H",TZ,"General Cargo"
5146419,677058200,"LADY PHILOMENA",TZ,"General Cargo"
5213080,677058100,GQAN_SAINT_ANN,TZ,"General Cargo"
7632644,677057900,"CRYSTAL SUN",TZ,"General Cargo"
8113138,677057600,UNI_R,TZ,"General Cargo"
9511911,677057500,"SL-T 13",TZ,"Reserved for future use"
9569695,677057400,DIONA,TZ,Tanker
9569645,677057300,SERENA,TZ,"Crude Oil Tanker"
7738383,677057200,MANDALAY,TZ,"Sailing Vessel"
7700427,677057000,OLIMPIKA,TZ,"Ro-Ro Cargo"
7610464,677056800,"LIMESTONE 2",TZ,"Bulk Carrier"
8900878,677056600,CAPRICORN,TZ,"Oil Products Tanker"
9569633,677056500,STREAM,TZ,Tanker
6523016,677056100,FALCON1,TZ,"Livestock Carrier"
8326890,677055700,"NAVI MOON",TZ,"General Cargo"
7806178,677055100,"SAN FELIPE",TZ,"General Cargo"
7613404,677055000,"LIDER SAMSUN",TZ,"Ro-Ro Cargo"
9521605,677054700,SL-T12,TZ,
6801482,677054400,"RORO MERSIN",,"Ro-Ro Cargo"
7349871,677054000,"HARMONY LIVESTOCK",TZ,"General Cargo"
7203699,677053800,"MARIA SOLTIN",TZ,"Chemical Tanker"
9218492,677053600,"DEEP SEA",TZ,"Crude Oil Tanker"
9187629,677053500,ADORE,TZ,Tanker
9218480,677053400,DOWNY,TZ,"Crude Oil Tanker"
9569619,677053300,SNOW,TZ,"Crude Oil Tanker"
9569669,677053200,DORENA,TZ,"Crude Oil Tanker"
9283758,677053100,FAXON,TZ,"Oil/Chemical Tanker"
9283758,677053000,FAXON,TZ,"Oil/Chemical Tanker"
9362059,677052900,HERBY,TZ,"Crude Oil Tanker"
9079092,677052800,NYX,TZ,"Crude Oil Tanker"
9212929,677052600,HENNA,TZ,"Crude Oil Tanker"
9357353,677052500,SANA,TZ,"Crude Oil Tanker"
9055711,677052200,DETERMINATION,TZ,"Oil Products Tanker"
8418356,677052100,"CRYSTAL GALAXY",TZ,Cargo
7501871,677051600,"SEA BREEZE",TZ,"Bulk Carrier"
7504158,677051100,"TRUST  1",TZ,"General Cargo"
8507339,677051000,FLORA,TZ,"Bulk Carrier"
8614467,677050900,SILVA,TZ,"Oil Products Tanker"
8106599,677050800,"ALI H.R.Z",,"General Cargo"
7719698,677050100,HAMAL,TZ,Tug
7206093,677048500,MALINSKA,TZ,"General Cargo"
8701923,677048200,"DIAMOND SUN",TZ,"Bulk Carrier"
9105061,677048100,TESSALINA,TZ,"Oil/Chemical Tanker"
8818893,677047700,"AMINA H",TZ,"General Cargo"
9101649,677046300,TEEN,TZ,"Bulk Carrier"
9040479,677046000,SATTAR,TZ,"Bulk Carrier"
9074092,677045900,ATTAR,TZ,"Bulk Carrier"
8116738,677045400,MALMO,TZ,"General Cargo"
8309139,677045000,ZULAL,TZ,"Bulk Carrier"
8010908,677044600,"SEA MERCHANT",TZ,"General Cargo"
7211464,677043500,ATLAS,TZ,Cargo
7607429,677043400,"BARHOM II",TZ,"Livestock Carrier"
8203672,677043000,DAYANA,TZ,"General Cargo"
7119965,677042900,"MV ALRABEE",TZ,"General Cargo"
7322196,677042700,"MED PRINCE",TZ,"General Cargo"
8116843,677042400,"AMAL NEPTUNE",TZ,"General Cargo"
8741234,677042300,SL-T2,TZ,"Not available"
7740491,677042200,"POLKOVNIK FESENKO VK",TZ,"General Cargo"
7910888,677042100,"HESEN MOON",TZ,"General Cargo"
7405651,677042000,"""MED GLORY""",TZ,"General Cargo"
7615012,677041700,ARMONY,TZ,"General Cargo"
8416504,677041600,LAGUNA,TZ,"General Cargo"
8204119,677041300,"LADY EMAN",TZ,"General Cargo"
8027664,677040800,SPANIA,TZ,"General Cargo"
7920479,677040700,CROATIA,TZ,"General Cargo"
7703699,677040500,"AL ZEINA",TZ,"General Cargo"
8214798,677040400,TASNEM,TZ,"General Cargo"
8878037,677040200,"M\V NAMO",TZ,"General Cargo"
7726093,677040000,VENEZIA,TZ,"General Cargo"
8027676,677039900,ITALIA,TZ,"General Cargo"
8010659,677039800,MUBARAK-I,TZ,"General Cargo"
7607445,677039304,"BARHOM II",TZ,Cargo
8122311,677039100,RULA,TZ,"General Cargo"
7424061,677039000,MOUHSSINE,TZ,"General Cargo"
9518634,677038800,OCTOPUS,TZ,"Pusher Tug"
7703687,677038600,HALA,TZ,"General Cargo"
7014581,677038200,"M-F ERKE",TZ,"Ro-Ro/Passenger Ship"
9218478,677038100,DIAMOND,TZ,"Crude Oil Tanker"
8107048,677037900,RAPTOR,TZ,"Anchor Handling Vessel"
7368578,677037700,"AHTS  EDEN",TZ,"Anchor Handling Vessel"
7433347,677037200,EMAN,TZ,"Bulk Carrier"
9237046,677037100,"QUEEN BIHANGA",TZ,"Not available"
8301412,677037000,"AMAL O",TZ,"General Cargo"
8108107,677036800,"CSC NELSON",TZ,"Offshore Supply Ship"
9357183,677036700,HUGE,TZ,"Crude Oil Tanker"
8204676,677036300,AYALINA,,"General Cargo"
9615092,677035100,MARIA,TZ,"Lpg Tanker"
7638959,677034600,LAMAR,TZ,"General Cargo"
8301814,677034400,"MT AMBAR",TZ,"Oil Products Tanker"
7900596,677033500,CAPT.OSAMA,TZ,"General Cargo"
8128858,677032800,HELVETIA,TZ,"General Cargo"
8414764,677032500,"BRAVE M",TZ,"General Cargo"
9079107,677032300,NANCY,TZ,"Crude Oil Tanker"
9569700,677031900,DERYA,TZ,"Tanker A"
9569671,677031100,DINO,TZ,Tanker
7223041,677030700,"LADY RASHA",TZ,"Livestock Carrier"
7633399,677030400,SABIN,TZ,"General Cargo"
8804775,677030300,ZAIN,TZ,"General Cargo"
9100968,677030100,USUNGWE,TZ,"General Cargo"
7341685,677030000,RAKAN-M,TZ,"Bulk Carrier"
8036316,677029600,"ALLELUIA GLOIRE",,Tug
7407037,677029200,"LIDER AMIRAL",TZ,"Ro-Ro Cargo"
8815293,677029000,TAKNIS,TZ,"General Cargo"
7728699,677028900,CIRKIN,TZ,"Ro-Ro Cargo"
8741246,677028400,SL-T3,TZ,"Not available"
8300169,677028200,SLAVYANIN,TZ,"Rail/Vehicles Carrier"
9357377,677028000,SALINA,TZ,"Crude Oil Tanker"
7704617,677027700,AVRASYA,TZ,"Ro-Ro Cargo"
7800681,677027000,"ALBARAKA 5",TZ,"Ro-Ro Cargo"
8721284,677026900,BEREKET,TZ,"General Cargo"
7819876,677026300,"M/V ABDULLAH",TZ,"General Cargo"
8741600,677025900,SL-D1,TZ,"Not available"
7519921,677025600,"MUSTAFA BEY",TZ,"General Cargo"
8214877,677025300,RITAJ_A,TZ,"General Cargo"
7946875,677024904,"MV MUSTAFA",TZ,"General Cargo"
8003888,677024902,TRADER,TZ,"General Cargo"
8306395,677024901,ZENITH,TZ,"General Cargo"
7320306,677024900,"SIR MICHAEL",TZ,Towing
8852045,677024889,OLE,TZ,"General Cargo"
9187655,677024800,ARK,TZ,"Crude Oil Tanker"
9362061,677024600,HORSE,TZ,"Crude Oil Tanker"
7627613,677024000,"MINA F",TZ,"General Cargo"
6718142,677023900,GULFTRADER,TZ,"General Cargo"
8005757,677023800,"HONG YUAN",TZ,Tanker
9218454,677023400,DEVON,TZ,"Crude Oil Tanker"
9000728,677023300,"PRINCESS SARA",TZ,"General Cargo"
7615232,677022700,"JAWDAT M",TZ,"General Cargo"
7405091,677022500,MERYAM.S,TZ,"General Cargo"
7729198,677022400,"MEGA STAR",TZ,"General Cargo"
9775701,677022200,"KILIMANJARO V",TZ,"Not available"
7413646,677022000,AALAAE,TZ,"General Cargo"
9569205,677021800,SEASTAR,TZ,"Crude Oil Tanker"
9569621,677021600,STARLA,TZ,"Crude Oil Tanker"
9357365,677021400,SONIA,TZ,"Crude Oil Tanker"
9283760,677021300,FOREST,TZ,"Oil/Chemical Tanker"
7620184,677020900,JASMINE,,"General Cargo"
9187667,677020600,ARGO,TZ,"Crude Oil Tanker"
7528556,677019800,"PRINCESS""W[C",TZ,"General Cargo"
9015333,677019500,TOPAZIS,TZ,"Crude Oil Tanker"
7396666,677019400,MARZUK,TZ,"General Cargo"
8502377,677019200,"SEA SOUL 1",,"General Cargo"
8700838,677019100,RUMBA,TZ,"General Cargo"
7930498,677018900,"SEA ROSE",TZ,"Tanker A"
7522203,677018800,"LETFALLAH III",TZ,"General Cargo"
7113715,677018500,CHIEF.AHMAD,TZ,"General Cargo"
8744169,677017100,"NGATI HAKA",TZ,"Other Type"
7900091,677017000,"SIBEL J",TZ,"General Cargo"
7830923,677016900,DONNA-U,,"General Cargo"
7614848,677016500,BARHOM,TZ,"Livestock Carrier"
7366037,677016400,"ENAS H",TZ,"General Cargo"
7821465,677016100,TIGER,TZ,"Tanker D"
7222982,677015500,"DALAL K",TZ,"General Cargo"
9708485,677015400,"MAPINDUZI II",TZ,Cargo
9653248,677014800,SL-D10,TZ,"Not available"
8906767,677014500,"MALDIVES PRIDE",TZ,"Passenger/Cargo Ship"
8872617,677013600,"STARSHINA DEROV N.G.",TZ,"General Cargo"
9137741,677013100,SKAFTAFELL,TZ,"General Cargo"
9569657,677010800,SMOOTH,,Tanker
9569712,677010500,DUSK,,Tanker
9569700,677010400,DRAGON,,Tanker
9569645,677010000,SALALEH,,"Crude Oil Tanker"
9569633,677009600,FORTUN,,Tanker
9569619,677008800,SNOW,TZ,"Crude Oil Tanker"
9569205,677008600,SUNSHINE,,"Crude Oil Tanker"
9218454,677007700,DOLPHIN,,"Crude Oil Tanker"
9283758,677006800,FALCON,,"Oil/Chemical Tanker"
9357729,677006400,DON,,"Crude Oil Tanker"
9357717,677006300,"DAL LAKE",,"Crude Oil Tanker"
9357391,677005400,HONESTY,,"Crude Oil Tanker"
9362059,677005300,HYDRA,,"Crude Oil Tanker"
9367183,677005000,HANTAMS,,"Other Type"
9357377,677004300,SPLENDOUR,,"Crude Oil Tanker"
9356608,677004000,SANCHI,TZ,"Crude Oil Tanker"
9357353,677003900,SUCCESS,,"Crude Oil Tanker"
9357365,677003600,SUNGARY,,"Crude Oil Tanker"
9172052,677002500,SABRINA,,"Crude Oil Tanker"
9171450,677002200,STARK,TZ,"Crude Oil Tanker"
9172040,677001800,SPOTLESS,,"Crude Oil Tanker"
9079092,677001500,NAINITAL,,"Crude Oil Tanker"
8210106,677001050,BATELEUR,TZ,"Anchor Handling Vessel"
8312459,677001030,"MT NOOR",TZ,"Oil Products Tanker"
9134751,677001020,"UNITED SPIRIT 1",TZ,"Oil Products Tanker"
9212929,677000100,HALISTIC,,"Crude Oil Tanker"
7422544,676511812,"MAHMOUD 9",CD,"Livestock Carrier"
8035166,676142000,BELFAST,CD,"General Cargo"
8033120,676129000,DAISY,CD,"General Cargo"
8415201,676122000,KORALLE,CD,"General Cargo"
6607460,676119000,"BRASAL SUPPORTER",CD,"Standby Safety Vessel"
9048641,676117000,EXPLORER,CD,"General Cargo"
8725058,676109000,VESTIMAR,CD,"General Cargo"
8411566,676107000,TERA,CD,"General Cargo"
8891560,676104000,RODION_OSLYABYA,CD,"General Cargo"
8502133,676102000,UNION,CD,"General Cargo"
9071076,676092000,ANGELA,CD,"General Cargo"
7614666,676083000,ANDROMEDA,CD,"General Cargo"
8410330,676081000,ROGER,CD,"General Cargo"
7916694,676077000,MARTHA,CD,Cargo
8509038,676073000,ARFETISALLE,CD,"General Cargo"
8306400,676071000,"KATERINA V",CD,"General Cargo"
8616635,676070000,SABINA,CD,"General Cargo"
8504181,676068000,MERMAID,CD,"General Cargo"
7302964,676067000,SANTA,CD,Cargo
9008586,676061000,HELSE,CD,"General Cargo"
7812854,676056000,"JUST REEMA",CD,"General Cargo"
7005683,676054000,ORION,CD,"General Cargo"
6602977,676053000,"SAN TRELA",CD,"General Cargo"
9518713,674010040,DUMA,TZ,Tug
9598579,672748000,TANIT,TN,"Ro-Ro/Passenger Ship"
9207998,672747000,AMILCAR,TN,"Ro-Ro Cargo"
9691034,672713000,"MOON STAR",TN,Cargo
8613736,672708000,THAPSUS,TN,Tanker
9537836,672707000,"SAROST 5",TN,"Other Type"
9208007,672704000,ELYSSA,TN,"Ro-Ro Cargo"
9523237,672703000,RADES,TN,"General Cargo"
9196709,672564000,"LADY FELL",TN,"Chemical Tanker"
9154414,672525000,MAJD,TN,Fishing
9568802,672474576,RECONCILE,TN,Cargo
7388230,672450576,ALJARAK_,TN,"Other Type C"
8408923,672321000,RAFRAF,TN,"Not available"
9375587,672296000,ISKANDER,TN,"General Cargo"
9185396,672269000,CARTHAGE,TN,"Ro-Ro/Passenger Ship"
8315970,672267000,"M\V ISIS",,"Anchor Handling Vessel"
8308537,672266000,ASHTART,TN,"Anchor Handling Vessel"
9142459,672248000,ULYSSE,TN,"Ro-Ro/Passenger Ship"
9142461,672247000,SALAMMBO,TN,"Ro-Ro/Passenger Ship"
6401218,671708000,"OMEGA LIVESTOCK",TG,"Livestock Carrier"
7510858,671706000,APUS,TG,"Livestock Carrier"
9011399,671703000,"POLE STAR 1",TG,Cargo
7405089,671700000,"PRINCESS HIYAM",TG,"Livestock Carrier"
8651178,671699000,"LONGRICH 5",TG,Cargo
9142411,671698000,"YOUSEF S",TG,"General Cargo"
8703270,671697000,"FARAH PRINCESS",TG,"General Cargo"
8999544,671686000,LONGRICH2,TG,"General Cargo"
8911035,671685000,"TIAN FENG 3",TG,Cargo
9395783,671682000,"PMI TIGER",TG,"Utility Vessel"
8609125,671681000,"DPL ALYUR",TG,Cargo
8403911,671674000,"MING YUE",TG,"General Cargo"
8649993,671673000,"TONG DA",TG,Cargo
9009061,671672000,HERA,TG,Cargo
8661745,671671000,"JIN ZHAO 11",TG,Cargo
9135494,671669000,"NEW DAWN",TG,"General Cargo"
8116180,671666000,KARAM,TG,"General Cargo"
7406772,671665000,"SUHA QUEEN II",TG,"Livestock Carrier"
7928160,671663000,"MED LINK",TG,"Ro-Ro Cargo"
7359149,671662000,"MONI K",TG,"General Cargo"
8000836,671661000,KATYA,TG,"General Cargo"
8864842,671660000,"LIAN MENG 9",TG,Cargo
7041053,671659000,"PACIFIC M",TG,"Livestock Carrier"
7337543,671658000,"GRAIN M",TG,Tug
9053919,671657000,URANUS,TG,"General Cargo"
8004703,671652000,MERIDIAN,TG,Tanker
9008043,671650000,DIMA,TG,"General Cargo"
9376672,671646000,"GUO SHUN",TG,Cargo
9008081,671645000,MARIA,TG,"General Cargo"
8116972,671643000,LILY-HA,TG,"General Cargo"
8864529,671642000,"GOLDEN WELL",TG,Cargo
9039559,671639000,"MARINE 1",TG,"Vehicles Carrier"
6721113,671638000,LAGUNA,TG,"General Cargo"
7300992,671637000,"FM SPIRIDON",TG,"Livestock Carrier"
6609729,671636000,"EVAL NOLOM",TG,"Passengers Ship"
7204409,671634000,"CARMEN I I",TG,Cargo
8661719,671633000,LUCIDA189,TG,Cargo
8681410,671632000,"GOLD LUCKY",TG,Cargo
7529330,671631000,MARATON,TG,"General Cargo"
7352476,671629000,SWIMMER,TG,"General Cargo"
8224535,671627000,"M V INCHON",TG,Cargo
9046071,671626000,"M/T JOINVILLE",TG,"Oil/Chemical Tanker"
7801324,671625000,"AFRICAN 4",TG,"Bulk Carrier"
7612474,671623000,PORHOV,TG,"General Cargo"
9032666,671618000,KHURAN,TG,"Oil Products Tanker"
8409654,671617000,"ELA S",TG,"General Cargo"
8503307,671616000,NO7COAM,TG,Tanker
8308757,671615000,"LADY SAFIA_1",TG,"General Cargo"
9020467,671613000,"CLAYTON II",TG,"Asphalt/Bitumen Tanker"
8618463,671612000,ASEN,TG,Cargo
9120994,671611000,DEVREZ,TG,"Oil/Chemical Tanker"
9125138,671610000,DELICE,TG,"Chemical Tanker"
9125126,671609000,CASPIA,TG,"Chemical Tanker"
7927037,671608000,DOWON,TG,Reefer
7522203,671606000,ALBATROSS,TG,"General Cargo"
8016419,671604000,"SPT GUARDIAN",TG,"Offshore Supply Ship"
8127165,671602000,"AL MEEZAN",TG,Tug
8033742,671601000,"OCEAN GRACE 2",TG,Tanker
8987515,671600000,"SAN GWANN",TG,"Bunkering Tanker"
8613061,671599000,"JAOHAR EXPRESS",TG,"General Cargo"
8300016,671598000,ATLANTICO,TG,"Replenishment Vessel"
8420385,671597000,FAITH,TG,"Oil Products Tanker"
9175585,671596000,"RUBIN S",TG,"General Cargo"
8400933,671595000,LIA,TG,Tanker
8104553,671582000,"GULF CITY",TG,"General Cargo"
8915184,671577000,"SEA BREEZE",TG,"General Cargo"
8025381,671573000,"HAJE ZAINAB",TG,"Bulk Carrier"
8412560,671572000,"EMDEN IV",TG,"General Cargo"
9514432,671571000,BRIXHAM,TG,"Oil Products Tanker"
7703699,671563000,"SEBA  STAR",TG,"General Cargo"
7726093,671562000,"YOUSSEF M",TG,"General Cargo"
8518560,671559000,"BREADBOX MARLIN",TG,"General Cargo"
9002128,671558000,"RANIA H",TG,"General Cargo"
8217714,671556000,CAVE,TG,"General Cargo"
8888654,671554000,G.LUCKY,TG,Cargo
8809270,671552000,SKYWIND,TG,Cargo
8812930,671551000,"BREADBOX FALCON",TG,"General Cargo"
7526699,671550000,SUNSHINE,TG,"General Cargo"
7724265,671549000,"CAMPS BAY",TG,"Ro-Ro Cargo"
7633478,671547000,SANDY,TG,"General Cargo"
7514517,671546000,"MED PATRON",TG,"Pallet Carrier"
8113592,671541000,"LADY LARA",TG,"General Cargo"
8106599,671539000,ALBATOUL,TG,"General Cargo"
8712221,671538000,"HONG XIANG",TG,"General Cargo"
7612838,671537000,"PRINCE HANI",TG,"General Cargo"
8204676,671535000,EMAD_Y,TG,"General Cargo"
8896819,671528000,"WEN CHENG",TG,Cargo
8862789,671527000,"BLACK EAGLE",TG,"General Cargo"
7612280,671526000,"CAPTAIN SAMIN",TG,"General Cargo"
8002664,671520000,"BLUE DREAM",TG,"Lpg Tanker"
8201014,671518000,"DETERMINATION 2",TG,Tanker
8009557,671517000,"SEA WAVE",TG,"Bulk Carrier"
8009052,671516000,"MED BRIDGE",TG,"Ro-Ro Cargo"
7726952,671515000,"DANA TRADER",TG,"General Cargo"
8921494,671514000,"DARB ALKHAIR",TG,"General Cargo"
8912467,671511000,TRADER,TG,"General Cargo"
7619525,671508000,"SHAHBAA 1",TG,"Livestock Carrier"
8300652,671506000,ZAHRANOS,TG,"Bulk Carrier"
9159579,671505000,UNI-K,TG,"General Cargo"
8104591,671504000,"GULF RIVER",TG,"General Cargo"
7811410,671503000,"GULF LION",TG,"General Cargo"
9030333,671501000,"CAPTAIN OMAR",TG,"General Cargo"
8917730,671500000,"LEO I",TG,"General Cargo"
8615019,671498000,SEVEN,TG,Cargo
7905560,671497000,M.V.SHAKER,TG,"Ro-Ro Cargo"
8746806,671496000,HORTEN,TG,"Pleasure Craft"
6417748,671495000,"GALAXY X",TG,"Asphalt/Bitumen Tanker"
8408741,671490000,"MV HH 18",TG,"Bulk Carrier"
8417546,671486000,"ANKE ANGELA",,"General Cargo"
7510884,671480000,SKIFF,TG,"General Cargo"
8005721,671476000,"JAOHAR UK",TG,"Bulk Carrier"
8909460,671475000,PAGAS,TG,"Crude Oil Tanker"
7624635,671473000,MILAD,TG,"Wing in ground"
9237931,671471000,"HARMONY M",TG,"Container Ship"
8029246,671468000,"LINA Y",TG,"Bulk Carrier"
8911413,671466000,"GEORGIANA H",TG,"General Cargo"
8806876,671465000,ULMAR,TG,"Crude Oil Tanker"
9040479,671464000,SATTAR,TG,"Bulk Carrier"
7002461,671458000,WINTERFELL,TG,"General Cargo"
9054054,671457000,MARUTI,TG,Tanker
9015981,671456000,"JAOHAR ADAM",TG,"General Cargo"
7946992,671455000,"SOVEREIGN M",TG,"Oil Products Tanker"
5402291,671454000,FALCON,TG,Tug
8128078,671453000,"M\V ATLANTIS",TG,Cargo
7915591,671451000,BURCIN,TG,"General Cargo"
8912510,671448000,"FARAH K",TG,"General Cargo"
8401511,671447000,"JAOHAR H",TG,"General Cargo"
7922934,671446000,BYBLOS,TG,"General Cargo"
8311534,671443000,"LADY  DINA-1",TG,"General Cargo"
9274941,671442000,"MIAMI PRIDE",TG,"Bulk Carrier"
8113293,671437000,"BLUE MOON",TG,"General Cargo"
8913057,671436000,"NOURA M",TG,"General Cargo"
8030283,671432000,AVIVA,TG,"Ro-Ro Cargo"
8619285,671429000,"G.DONA I",TG,"Chemical Tanker"
8520226,671426000,RECONCILE,TG,"Bulk Carrier"
8223244,671424000,"SHAKER 2",TG,"Ro-Ro Cargo"
9379583,671411000,"JIN DA 27",TG,Cargo
7016644,671408000,"SEAWAY INVINCIBLE",TG,"Standby Safety Vessel"
9055711,671403000,-DETERMINATION,TG,"Oil Products Tanker"
7388231,671402000,ALBARAKA1,TG,"Livestock Carrier"
7392531,671400000,"MED STAR",TG,"Ro-Ro/Passenger Ship"
7929102,671398000,SHAKER-1,TG,"Ro-Ro Cargo"
7366025,671396000,MANASSA,TG,"General Cargo"
8202941,671389000,"SEA BIRD",TG,"General Cargo"
8411190,671387000,"RANIA H",TG,"General Cargo"
9134464,671384000,"RED SEA PEARL",TG,"Oil Products Tanker"
9017161,671381000,"HOPE 6",TG,Tanker
8421731,671378000,"GULF HARVEST",TG,"General Cargo"
7367976,671373000,ALRAYAN,TG,"Livestock Carrier"
7611547,671371000,YOUZARSIF_H,TG,"Livestock Carrier"
8215649,671367000,"ADNAN H",TG,"General Cargo"
9130901,671364000,"UNITED 2",TG,"Container Ship"
8322179,671361000,RASHA-D,TG,"General Cargo"
8216447,671360000,"THUNDER   RIVER",TG,"Offshore Supply Ship"
7116781,671359000,"ABDUL M",TG,"Bulk Carrier"
7203895,671350000,FARAH,TG,"Bulk Carrier"
8609175,671346000,DANO,TG,"General Cargo"
8917467,671344000,TABUK,TG,"Crude Oil Tanker"
8917699,671339000,"C FLOW",TG,"General Cargo"
9033701,671338000,"C HORSE",TG,"General Cargo"
9186390,671335000,BERYTE,TG,"Container Ship"
6619944,671330000,ENDEAVOUR,TG,"Research/Survey Vessel"
7700166,671329000,"SHERRIE ANNE",TG,"Salvage/Rescue Vessel"
7108899,671327000,SAFI,TG,"General Cargo"
8307650,671324000,"AT 30",TG,"Bulk Carrier"
8706088,671323000,"NGOL LUENA",TG,"Oil Products Tanker"
7735109,671320000,"COM R",TG,"Pollution Control Vessel"
8909472,671319000,MENA,TG,"Crude Oil Tanker"
8223268,671318000,DARUSH,TG,"Crude Oil Tanker"
8410299,671317000,ZAMZAM,TG,"General Cargo"
8805470,671312000,MT.REMI,TG,"Crude Oil Tanker"
8003058,671310000,"M/V ITIDAL",TG,"General Cargo"
8027638,671309000,ANDA,TG,"General Cargo"
8656960,671307000,"GUO MAO 1",TG,Cargo
8314433,671303000,"AL HANI",TG,"General Cargo"
9002403,671297000,"AT 14",TG,"General Cargo"
7114800,671290000,AALAAE_J,TG,"General Cargo"
5055531,671287000,AKPAKPA,,Tanker
7902922,671286000,"M/T GRAND ISLAND",TG,"Oil Products Tanker"
8807349,671285000,NAWAL-F,TG,"General Cargo"
8313453,671277000,TOYOKICHI,,Cargo
8959142,671274000,EXCALIBUR,TG,"General Cargo"
7358626,671271000,"EL ELOHIM",TG,"General Cargo"
8316845,671262000,PERSIA,TG,"Oil/Chemical Tanker"
8003943,671257000,SHERIN,TG,"General Cargo"
8303965,671251014,GLOB,TG,"Oil/Chemical Tanker"
7627625,671247000,RED_TOWER,TG,"General Cargo"
7412472,671242000,NAZLIDENIZ,TG,"General Cargo"
8653396,671241000,DONGFANGYANGMING,TG,Cargo
8812875,671240000,"HUDA F",TG,"General Cargo"
7711919,671233000,RETAJ,TG,"General Cargo"
8843862,671232000,"BREADBOX ACACIA",TG,"General Cargo"
7387201,671230000,"SEA KARAM",,"General Cargo"
8021531,671223000,"MT MOTHER BENEDICTA",TG,"Oil/Chemical Tanker"
7721952,671222000,CHARLY,TG,"General Cargo"
8302923,671221000,"SUNRISE III",TG,"General Cargo"
7396654,671219000,"CAPTAIN OMAR",TG,"General Cargo"
7700207,671217000,RAMZI,TG,"General Cargo"
7916260,671215000,"M.T. MADINA 1",TG,Tanker
7901693,671213000,"ZIAD JUNIOR",TG,"General Cargo"
7638947,671212000,CAMELIA,TG,"General Cargo"
7601059,671210000,ASER,TG,"General Cargo"
8414661,671209000,"HAJEH HESEN",TG,"General Cargo"
8003931,671208000,RAYAN,TG,"General Cargo"
7392593,671203000,ALIANCA,TG,"General Cargo"
7713266,671201000,"""RAND""",TG,"General Cargo"
7817464,671200000,"HILAL ALEMARAT I",,"General Cargo"
8989197,671194000,ALKABEER,TG,"Oil Products Tanker"
7214234,671179000,MARINA,TG,Cargo
7422556,671176000,"GREEN CEDAR",TG,"General Cargo"
8403521,671173000,BESSTRASHNYI,TG,"General Cargo"
8646939,671172000,"ENERGY 7001",TG,"Tanker A"
8641434,671168000,"ENERGY 6503",TG,Tanker
8500501,671162000,"PIONEER 168",TG,Tanker
7529940,671153000,NORLAND,TG,"Livestock Carrier"
9044073,671148000,"SEA VOYAGER",TG,"Oil Products Tanker"
9458743,671143000,AGBODRAFO,TG,Tug
7053264,671135000,FALKNES,TG,"General Cargo"
7614264,671132000,WILBUR,TG,Tug
8113736,671130000,"BLUE RIVER",TG,"Oil/Chemical Tanker"
6810158,671128000,FAXBORG,TG,"General Cargo"
8615760,671118000,"TOUEI MARU",TG,Cargo
7431686,671117000,STEAMER,,"General Cargo"
6826793,671115000,DOLA,TG,"Anchor Handling Vessel"
7712963,671109000,"MV ALBARAKA 3",TG,"Ro-Ro Cargo"
8303331,671100000,JASY,TG,"General Cargo"
8844373,671097000,"SHOWA MARU",TG,Cargo
7029201,671066000,FRIENDSHIP,TG,"General Cargo"
7005669,671065000,MIYA,TG,"General Cargo"
7030523,671051000,ORION,TG,"Ro-Ro/Passenger Ship"
8500070,671046000,"LADY MARIA",TG,"General Cargo"
7118870,671036000,"SOUMAYA J",TG,"General Cargo"
7392608,671032000,"ARROW S",TG,"General Cargo"
7015509,671011000,MARA,TG,"Livestock Carrier"
8064085,669962424,]ARA,SZ,
9182318,668888881,C.DREAM,ST,"Crude Oil Tanker"
7926370,668243266,"MARIA I",ST,"General Cargo"
7432147,668124335,LIBERTY.,ST,"General Cargo"
6725066,668124332,ADONAI,ST,"Cargo A"
7014517,668116119,LIBERDADE,ST,Tug
8968935,668116113,AMFITRITI,ST,Cargo
1048576,668057606,QBOU0SULTAN,ST,"Not available"
9882997,668052002,"XENG0XING 1",ST,Cargo
9163154,668001452,"JIN TAI",ST,"General Cargo"
7116133,667997000,"TRIO VEGA",SL,"General Cargo"
8017334,667993000,ULIA,SL,Reefer
8013106,667991000,"FLAGMAN 3",SL,"Oil Products Tanker"
7720439,667989000,BARLA,SL,"General Cargo"
7521132,667972000,RAINBOW-H,SL,"General Cargo"
7718814,667970000,"MT.SEAPRINCESS 2",SL,Tanker
8609072,667963000,Z-TWO,SL,"Chemical Tanker"
8421987,667957000,"MARIA QUEEN",SL,"General Cargo"
8230156,667949000,ASTOL,SL,"General Cargo"
8831431,667943000,LUCKY_101,SL,"Fish Carrier"
7327938,667919000,"PELICAN (GUARD)",SL,"Standby Safety Vessel"
7386946,667904000,SUNRISE-R,SL,"General Cargo"
8151403,667892000,"BALTIC UNITY",SL,"Not available"
8300353,667870000,"SEA GODDESS",SL,Tanker
8324440,667869000,HANYANGRACE,SL,"Other Type"
8303965,667859000,"MT GLOBAL EMINENCE",,"Oil/Chemical Tanker"
8736382,667857000,"SUN UNITY",SL,"Reserved for future use"
7903366,667845000,"AN PING",SL,Tanker
9005077,667830000,SAGAMIKO,SL,Cargo
7902829,667824000,"JEAN PEARL",SL,Tanker
7113210,667797000,PETR,SL,"General Cargo"
7401368,667755000,KUMSAL,SL,"General Cargo"
7394553,667709000,BABA,SL,"Other Type"
7342380,667653000,"FENDERCARE INDEPENDE",SL,"Standby Safety Vessel"
7639616,667651000,"SALAH ALDEEN 2",SL,"General Cargo"
7422180,667639000,"SNOW WHITE",SL,"General Cargo"
7300899,667614000,"M/V RAFI",SL,Cargo
9605803,667599000,"ICM NAUTICAL 2",SL,"Offshore Supply Ship"
7827110,667595000,"SEE WIND",SL,"Offshore Supply Ship"
8932297,667509000,BADE,SL,"General Cargo"
7018616,667508000,MARINA,SL,"Edible Oil Tanker"
9017666,667498000,GLORIWAVE,SL,"Chemical Tanker"
9523225,667460000,SHIHCHUAN,SL,Cargo
7527631,667420000,"TAN CANG 4600",SL,Tug
7015327,667316000,"ALM MARINE",SL,"Container Ship"
7235769,667311000,"SEA ARROW II",SL,"General Cargo"
8031407,667288000,YILDIRIMLAR1,SL,"General Cargo"
7822536,667258000,SELEN,SL,"General Cargo"
8230223,667251000,ROUEN,SL,"General Cargo"
8231019,667243000,VOLGO_BALT_179,SL,"General Cargo"
8917728,667232249,"JAOHAR LIVIA",SL,"General Cargo"
7433426,667210600,PARIS-Y,SL,"Bulk Carrier"
8119211,667209900,"SEA KING",SL,"Anchor Handling Vessel"
7604271,667206200,TIO,SL,"General Cargo"
8002810,667203600,"LADY REA",SL,"General Cargo"
9563897,667172000,"ALPHA KIRAWIRA",SL,"Other Type"
7508790,667169000,"MV ALPHA PINA",,Tug
8821591,667117000,UNIVERSAL1,SL,"Bulk Carrier"
8821632,667116000,PROSPERITY1,SL,"Bulk Carrier"
8652823,667107000,"ORIENTAL LADY",SL,Cargo
9067221,667105000,"KIKUMARU NO.23",,Tanker
9744300,667096000,"PMI 5",SL,Cargo
8920139,667092000,"KING RICH",SL,Tanker
8312095,667085000,"SKIPPERS Y",SL,"Bulk Carrier"
8666446,667083000,"MU LISA 5",SL,Cargo
8914934,667077000,"EVER BRIGHT 88",SL,Cargo
8664149,667075000,"ZHI KUN 1",SL,Cargo
8727898,667072000,"RANDLYN 1",SL,"Oil Products Tanker"
8666898,667070000,"M\T KRONE",SL,"Bunkering Tanker"
8405787,667062000,"FORTRESS 7",SL,"Bulk Carrier"
8863018,667048000,"LITTLE WIND",SL,"General Cargo"
8661032,667041000,"MING DA HAI 2",SL,Cargo
8401731,667038000,"YU YUAN 7",SL,Cargo
8943404,667022000,ANTARES,SL,"General Cargo"
8943416,667021000,ALTAIR,SL,"General Cargo"
8943519,667013000,"MARAKI  II",SL,Tanker
9005467,667011281,QUANTUM,SL,"General Cargo"
8414764,667011000,"BRAVE M",SL,"General Cargo"
7406772,667009035,"KO LANTA",SL,"Livestock Carrier"
7522083,667009029,"SEA THUNDER",,"Anchor Handling Vessel"
8219621,667009027,"SEA WAVE",SL,"Anchor Handling Vessel"
8846838,667009020,"BASBOSA STAR",SL,"Oil Products Tanker"
9041667,667009017,TAKNAWAZ,SL,Cargo
8810578,667007082,"SAMZIN 8",SL,Cargo
4198948,667007044,SIME^TALLIVESTOCK,SL,Tanker
8509416,667007000,"GULF DOVE",SL,"Oil/Chemical Tanker"
9142916,667006110,OKEAN,SL,"Oil Products Tanker"
7927714,667006102,DUKAT,SL,"General Cargo"
8916487,667006080,GLORISILVER,SL,"Oil/Chemical Tanker"
8700383,667006077,"JI TAI NO.66",SL,Tanker
9011404,667006067,"ANGEL 33",SL,"Chemical Tanker"
8841503,667006037,"VALERIY ONISCHUK",,"General Cargo"
8914099,667006000,"HAG SAYED",SL,"General Cargo"
7359149,667005249,"MOON LIGHT",SL,"General Cargo"
8307947,667005247,TAHA-Y,SL,"General Cargo"
8215754,667005244,NADALINA,SL,"General Cargo"
7359125,667005243,"SUN LIGHT",,"General Cargo"
8216148,667005241,"ARMOR Y",SL,"General Cargo"
8215807,667005239,KARAZI,SL,"General Cargo"
7931129,667005227,"POWER ONE",SL,"Oil Products Tanker"
6702284,667005216,HEIN,SL,"General Cargo"
7529885,667005194,VOLKAN,SL,"Ro-Ro Cargo"
8400218,667005192,ORHAN-Y,SL,"Bulk Carrier"
9086344,667005190,GARZONI,SL,"Crude Oil Tanker"
9084516,667005188,MEMOZINE,SL,"Oil Products Tanker"
7411258,667005172,"VIA MARE",SL,"Ro-Ro/Passenger Ship"
9665839,667005162,SOCHI,SL,Passenger
7703247,667005128,"SEA STAR",SL,"General Cargo"
7381855,667005127,"MARIAN B",SL,"Trailing Suction Hopper Dredger"
8308769,667005117,"YAMAK JUNIOR",SL,"General Cargo"
8411657,667005111,NOUR,SL,"General Cargo"
7514311,667005109,OMNIYAH,SL,"General Cargo"
8410263,667005104,MEHTAP,SL,"General Cargo"
7125225,667005102,"ALEXANDER Y",SL,"General Cargo"
4902957,667005100,"MT CULEX",SL,"Oil Products Tanker"
7633478,667005091,AHMAD_M,,"General Cargo"
7402996,667005089,"NOOR AL RAHMAN",SL,"General Cargo"
8420103,667005086,"SAHRA 1",SL,"General Cargo"
8509818,667005082,"JAOHAR CHALLENGER",SL,"General Cargo"
7505190,667005068,"NADA Y",SL,"Bulk Carrier"
8023319,667005066,"SURAYA Y",SL,"Bulk Carrier"
4906410,667005064,"WOOD SPIRIT",SL,"Oil Products Tanker"
4902945,667005063,"JOHN WOOD",SL,"Oil Products Tanker"
8321682,667005041,"MERO STAR",SL,"General Cargo"
8131336,667005027,"LADY JASMINE",SL,"General Cargo"
7306702,667005023,"JOY K",SL,"General Cargo"
7924322,667005006,YAZ,SL,"General Cargo"
8654730,667003451,"GUANG RONG 8",SL,Cargo
8902785,667003450,"CHANG WIN 1",SL,"Waste Disposal Vessel"
8662775,667003449,"CHANG LIAN HAI",SL,Cargo
9705603,667003445,"KM.KSK 1",SL,"General Cargo"
8661850,667003444,LONGGANG7,SL,Cargo
8655100,667003443,"JIN FU XING 28",,Cargo
8655136,667003441,"JIN BAI HAI 3",SL,Cargo
8662361,667003434,"HENG TONG 77",SL,"Deck Cargo Ship"
8978564,667003432,HAOXIANG168,SL,Reefer
8820602,667003431,"KIRISHIMA MARU",SL,Cargo
8661915,667003430,"HONG TAI",SL,Cargo
8859029,667003428,"LIAN TONG",SL,Cargo
8661903,667003427,"CHUN YANG 17",SL,Fishing
8834421,667003426,"HENG XING 1",SL,Cargo
8660909,667003425,"MING DA HAI",SL,Cargo
8661745,667003424,"JIN ZHAO 11",SL,Cargo
8661290,667003420,CHUNYANG8,SL,Cargo
8973631,667003415,HESHUNYUAN,SL,Cargo
8631702,667003407,"YUN SHIN",SL,Tanker
8820157,667003401,"SHUN FA 16",SL,Cargo
9685607,667003395,PMI-2,,Cargo
8805779,667003386,"RITCHI MARU",SL,"Oil/Chemical Tanker"
9667409,667003373,"MEI LING5",SL,"Not available"
9667394,667003372,"MEI LING3",SL,Cargo
9058684,667003354,KENDRICK,SL,"Tanker C"
9088031,667003353,"YOGASAKI MARU",SL,Cargo
8655992,667003352,GAOXIN16,SL,"General Cargo"
9000405,667003351,"SENYO MARU",SL,Cargo
8656582,667003345,"JUN DA HAO",SL,"Base Station"
8655485,667003343,ENJI6,SL,Cargo
8412467,667003342,"SOUTH HILL 2",SL,"Bulk Carrier"
8011512,667003341,HONGXING,SL,"Not available"
9129653,667003338,"LYUN SOON 1",SL,Tanker
9033555,667003335,PROSPERITAI,SL,"Chemical Tanker"
8737984,667003311,"TT STAR",SL,"General Cargo"
8741064,667003299,"DA  AN",SL,Cargo
8904824,667003282,"CHEONG SONG",SL,Cargo
8652897,667003276,"LCT 198",SL,Cargo
8650423,667003266,"UMA PREM",SL,"Dredging or underwater ops"
8649905,667003260,"RICH GLORY",SL,Cargo
8613463,667003253,"JIN SHENG HAI",SL,Cargo
7927180,667003249,"BORNEO AQUA NO1",SL,Cargo
8649967,667003247,AIDEN,,"Aggregates Carrier"
8509882,667003241,SUNYIELD,SL,"Oil Products Tanker"
8992091,667003240,"EVER UNION",SL,Cargo
8649242,667003235,"FORTUNE 6",SL,
8747642,667003233,"FORTUNE 4",SL,Cargo
8408612,667003224,"JIN TAI HAI",SL,Cargo
8415433,667003223,VICTORY3,SL,Cargo
8649826,667003215,LCT88,SL,Cargo
8312497,667003212,"NEW REGENT",SL,Tanker
8904599,667003209,"BORNEO AQUA NO 1",SL,Cargo
8656582,667003208,"JUN DA HAO",SL,"Base Station"
8622127,667003202,"SHUN FA 6",SL,Cargo
8323563,667003200,MELODY,SL,Tanker
8748438,667003193,"JIN HENG HAI",SL,Cargo
8747393,667003192,"HENG RUN",SL,"General Cargo"
8504662,667003184,MT.LEADER,SL,"Oil/Chemical Tanker"
8747173,667003181,"HAI HENG1",SL,"General Cargo"
9009073,667003168,MT.AMBER,SL,"Oil/Chemical Tanker"
8622684,667003166,"ZHONG LIAN 6",SL,Cargo
8418904,667003155,"BLOSSOM LOTUS",SL,Tanker
8746026,667003154,"SUCCESS WAY",SL,Cargo
8210869,667003143,PT35,SL,"Oil Products Tanker"
9041497,667003140,"JIN TAI 6",SL,Tanker
7823815,667003138,"OCEAN RICH",SL,"Other Type"
8743854,667003130,"JI SHUN 2",SL,Cargo
8745591,667003128,HITRANS,SL,Cargo
8743749,667003097,"YONG JUN 17",SL,Cargo
8742379,667003073,"M/T AN DA",SL,Tanker
9536272,667003071,"NEW HUNCHUN",SL,"General Cargo"
9291884,667003065,"EAST STAR",SL,Cargo
9526849,667003053,"GAO XIN 6",SL,Cargo
8511809,667003051,"GLORY DRAGON",SL,"General Cargo"
8510453,667003050,"SMILE 1",SL,Tanker
9364899,667003048,"HE YUAN",,Cargo
9586394,667003047,YONGJUN,SL,Cargo
8744561,667003046,VALIANT,SL,Cargo
8744535,667003045,VALOUR,SL,"Reserved for future use"
8105533,667003031,"OCEAN STAR",SL,"Oil Products Tanker"
8401406,667003022,"GOLDEN PROSPEROUS",SL,"Oil/Chemical Tanker"
9373175,667003019,"RICH HONOR",SL,Cargo
8320810,667003008,"YU YOU",SL,Cargo
8819108,667003000,"ZOJA II",SL,"Oil/Chemical Tanker"
7939987,667002400,"M/V POLARIS",SL,"General Cargo"
7830911,667002274,"PAVEL GRABOVSKIY",SL,"General Cargo"
8727604,667002273,"GEROI ARSENALA",SL,"General Cargo"
9192753,667002272,DUBRA,SL,"Oil/Chemical Tanker"
8820901,667002269,DILDAR,SL,Tanker
7712901,667002268,ATLANT,SL,"Pallet Carrier"
8306711,667002265,-RAMA-1,SL,"Oil Products Tanker"
7607405,667002252,MMJ,SL,"General Cargo"
6807072,667002241,"MARZOOQAH K",SL,Cargo
7803229,667002237,"SEA ARROW",SL,"General Cargo"
8000305,667002231,"MAJED AND RANDY",SL,"General Cargo"
7508269,667002215,"MT NAPHT ALYEMEN1",SL,Tanker
8016835,667002201,MARIANA,SL,"Lpg Tanker"
7056500,667002197,"OSA VISCOUNT_K",SL,Tug
7637462,667002183,"SEA HOPE",SL,"General Cargo"
7644130,667002161,CERENCAN,SL,"General Cargo"
7529641,667002159,AQUA,SL,"General Cargo"
7942910,667002157,"ODINNADTSTAYA PYATIL",SL,"General Cargo"
6614279,667002119,EZADEEN,SL,"Livestock Carrier"
7203637,667001550,HORIZON,SL,"Ro-Ro/Passenger Ship"
7368815,667001549,BRITTA-K,SL,"Livestock Carrier"
6817003,667001541,RABUNION20,SL,"Livestock Carrier"
9081265,667001525,PROSPERA,SL,Tanker
9149677,667001522,"PRINCESS LAYLA",SL,"General Cargo"
8685260,667001514,"MV BO HAI 87",SL,Cargo
8213548,667001507,"PROSPERER 28",SL,"Oil/Chemical Tanker"
9052721,667001502,BRUISER,SL,"Bulk Carrier"
8673114,667001501,"DONG FANG QI SHENG",SL,Cargo
8684527,667001499,"GLORY HOPE 6",SL,Cargo
8734437,667001497,SHENGYUAN,SL,Cargo
9534652,667001495,"LONGRICH 1",SL,Cargo
8504351,667001494,"HAO YUE",SL,Cargo
8879251,667001493,ARTEY,SL,"General Cargo"
9133290,667001491,KATHERINA,SL,"Bulk Carrier"
9201279,667001490,GROMOBOY,SL,Trawler
8830061,667001489,MIDIA-13,SL,"Motor Hopper"
8830011,667001488,"MIDIA 8",SL,"Motor Hopper"
8829983,667001487,"MIDIA 5",SL,"Motor Hopper"
9094872,667001485,"TAI DA",SL,Cargo
7210824,667001484,BOZKURT,SL,Tug
8739396,667001483,"ZHONG LIAN9",SL,Cargo
8921860,667001471,"PU UN",SL,Cargo
8514734,667001470,NAKHODKA,SL,Tug
8405713,667001464,"M/T POWER EASY",SL,"Oil/Chemical Tanker"
8402840,667001463,"PRINCESS AYAT",SL,"General Cargo"
7913098,667001462,"HENG RONG",SL,Passenger
9092214,667001461,WINNIE,SL,"General Cargo"
8324751,667001460,NIZAR,SL,"General Cargo"
8723294,667001459,"SAHRA 2",SL,"General Cargo"
9163166,667001458,"JIN TENG",SL,"General Cargo"
8415627,667001457,"DONGTAI PEARL",SL,"Container Ship"
8508412,667001456,"DONGTAI FORTUNE",SL,"Container Ship"
8682402,667001453,"JINLONG 7",SL,Cargo
9163154,667001452,"JIN TAI",SL,"General Cargo"
8841357,667001450,"SVYATY PAVLO",SL,Cargo
9021576,667001447,"GREEN HOPE",SL,"General Cargo"
9785421,667001446,"MV HAITI",SL,Cargo
9785419,667001445,ICELAND,SL,Cargo
9005194,667001444,"KING RIVER",SL,"Oil/Chemical Tanker"
8682440,667001441,"CHEN DA 2007",SL,Cargo
9017123,667001440,"HORIZON STAR",SL,"General Cargo"
8922163,667001439,"GRAND SPRING",SL,"Ro-Ro/Passenger Ship"
8676324,667001438,"DE SING JIN",SL,Tanker
8671611,667001432,"GLORY HOPE 1",SL,Cargo
9756509,667001430,"BUMI URAY",SL,"Not available"
9756511,667001429,"BUMI POKACHI",SL,Cargo
9070292,667001428,"MAN JIANG HAI",SL,Cargo
8905490,667001427,"WISE HONEST",SL,"Bulk Carrier"
8801735,667001426,"NEW FU SHUN",SL,Cargo
9095412,667001424,ZHIHUI,SL,"General Cargo"
8654479,667001423,"MV. TONG YANG",SL,Cargo
8649993,667001422,"TONG DA",SL,Cargo
8749262,667001421,"SHUN YANG",SL,Cargo
8651221,667001420,JESSICA,SL,Cargo
8651219,667001418,BRIGHT,SL,Cargo
9016179,667001416,HASAN,SL,"General Cargo"
8660909,667001415,"ZHI KUN 6",SL,Cargo
9121883,667001412,"JAOHAR RIMA",SL,"Container Ship"
8914544,667001408,"ORCA 2",SL,"Container Ship"
9089401,667001407,"SUNTUD SAMUT 3",SL,Cargo
8669852,667001405,EMERALD,SL,"Dredging or underwater ops"
8897045,667001404,SEVGI,SL,"General Cargo"
8673982,667001403,JADE,SL,"Dredging or underwater ops"
8653073,667001401,"ORANGE LINK",SL,"Bulk Carrier"
6412413,667001400,"MED STAR II",SL,"Passengers Ship"
8667048,667001398,"M/V TREDECIM",SL,Cargo
8517346,667001392,"OCEAN STAR 98",SL,Reefer
9764790,667001386,GT398,SL,"Dredging or underwater ops"
8306395,667001385,"BLUE STAR",SL,"General Cargo"
8003943,667001379,AMIRA,SL,"General Cargo"
8909915,667001378,"ELEANOR SUN",SL,"General Cargo"
9760342,667001377,"BO DA 23",SL,Cargo
9268215,667001375,"XIANG HONG 27",SL,Cargo
8976023,667001373,"KUN YUAN",SL,"General Cargo"
8740137,667001372,"DONG KUN 7",SL,Cargo
8116776,667001368,NERA,SL,Trawler
9004310,667001361,GLORISKY,SL,"Oil/Chemical Tanker"
8611996,667001357,"MG TRADER",SL,"General Cargo"
7704708,667001356,"BJARNI OLAFSSON",SL,"Fishing Vessel"
8223854,667001350,"PRINCESS DINA",SL,"General Cargo"
8883886,667001348,PEARL,SL,"General Cargo"
8221636,667001347,"XING  LONG",SL,Tanker
9148738,667001346,RIVAL,SL,"General Cargo"
8677287,667001333,"HERCULES SAILOR",SL,Cargo
7702920,667001332,"SKY HOPE",SL,"General Cargo"
8711693,667001330,MAJESTY,SL,"General Cargo"
9065065,667001329,"SOON FAAT 66",SL,Tanker
7827237,667001328,SON,SL,"General Cargo"
8715015,667001326,"ANNOULA K",SL,"Bulk Carrier"
9268617,667001325,"XIANG HONG 21",SL,Cargo
7612474,667001323,PORHOV,SL,"General Cargo"
7615036,667001322,LEITH,SL,"General Cargo"
8104577,667001314,DESTINY,SL,"General Cargo"
8516835,667001312,"RUSEN METE",SL,"General Cargo"
9760330,667001303,"BO DA 22",SL,Cargo
7501613,667001302,AMMARI,SL,"Ro-Ro/Passenger Ship"
9190602,667001298,"CHERRY 168",SL,"Tanker A"
9104067,667001296,"OCEAN LEGEND",SL,Tanker
5266013,667001293,FALKVAG,SL,"Not available"
8230340,667001290,VOLGO-BALT206,SL,"General Cargo"
8123236,667001289,FAROUK,SL,"Bulk Carrier"
5132901,667001287,SOYLAR,SL,"Cargo A"
9118276,667001286,"MADLIN H",SL,"General Cargo"
8401511,667001285,"JAOHAR H",SL,"General Cargo"
7396654,667001282,KAPETANIOS,SL,"General Cargo"
9005467,667001281,QUANTUM,SL,"General Cargo"
8407888,667001280,PUGANG1,SL,Cargo
8516201,667001279,TRI.WINGS,SL,"Asphalt/Bitumen Tanker"
9028639,667001276,JOANNA,SL,"General Cargo"
7105421,667001274,AMARGI,SL,Tanker
8917728,667001273,"JAOHAR LIVIA",SL,"General Cargo"
9206669,667001272,NISREEN,SL,"General Cargo"
9741205,667001268,"BO DA 21",SL,Cargo
8416504,667001263,LAGUNA,SL,"General Cargo"
8104187,667001262,SIBIRSKIY_2131,SL,"General Cargo"
8204729,667001260,NEPTUNE,SL,Tanker
8113619,667001259,"MILANO 1",SL,"General Cargo"
8403765,667001255,ALEXANDER,SL,Cargo
6823155,667001251,"ALBARAKA 6",SL,"Livestock Carrier"
9532070,667001248,"DONG FENG 1",SL,Cargo
8610291,667001245,"SEA HORSE",SL,"General Cargo"
8411190,667001240,"PRINCESS H",SL,"General Cargo"
9130901,667001239,"CAPTAIN JOY",SL,"Container Ship"
8312071,667001237,UNI_BROTHERS,SL,"Bulk Carrier"
8301412,667001235,"AMAL O",SL,"General Cargo"
8669876,667001233,"XIN HAI DA",SL,Cargo
9007001,667001231,"JAOHAR BRITANNICA",SL,"General Cargo"
9148506,667001230,SHAMS,SL,"General Cargo"
7115567,667001227,"SEA LION",SL,Trawler
8307662,667001226,MALLIA,SL,"Bulk Carrier"
7229758,667001225,"AMAL STAR",SL,"General Cargo"
8817186,667001223,"ATLANTIC REEFER",SL,"Not available"
8927814,667001220,"CAPTAIN   KHAYYAM",SL,Tanker
9741190,667001219,"BO DA 20",,Cargo
7510676,667001217,ALYSSA,SL,"General Cargo"
7115024,667001215,TIS-4,SL,"Oil Products Tanker"
7901734,667001212,"LADY SU",SL,"Ro-Ro/Passenger Ship"
2222222,666661111,BAYRAK,SO,"Not available"
9999999,666660061,"MV KATIUSHA",SO,"Not available"
6458366,666660000,"MV SANDUST",SO,"Not available"
9706891,666555111,"CMA CGM B FRANKLIN",SO,"Other Type"
5555555,666111555,615S,SO,"Not available"
9346380,666017310,"CAPE MERLIN",SO,"Bulk Carrier"
9249398,665111119,"ARGOS FROYANES",SH,Fishing
9663166,664584000,"GALERNA III",SC,Fishing
9733478,664579000,"JAI ALAI",SC,Fishing
9733480,664578000,"EUSKADI ALAI",SC,Fishing
9719800,664545000,"F/V MORN SESELWA",SC,Fishing
9365635,664445000,"SEYCHELLES PATRIOT",SC,"Oil/Chemical Tanker"
9365623,664444000,"SEYCHELLES PRELUDE",SC,"Oil/Chemical Tanker"
9298181,664296000,"SEYCHELLES PROGRESS",SC,"Oil/Chemical Tanker"
9255517,664288000,"SEYCHELLES PIONEER",SC,"Oil/Chemical Tanker"
9251664,664209000,"SEYCHELLES PRIDE",SC,"Oil/Chemical Tanker"
9719812,664097000,"F/V MORNE BLANC",SC,Fishing
9128518,664093000,MALOYA,SC,"Other Type"
8909680,664090000,"KAIHO MARU",SC,Cargo
6640855,664040100,KINETIC,SC,
8111099,663500001,"CASTLE TOWN",SN,Trawler
5251408,663142000,VEMA,SN,Fishing
8222422,663136000,"PONT SAINT LOUIS",SN,"Fishing Vessel"
8116178,663105000,DIOGUE,SN,"General Cargo"
9714458,663097000,DIAMBOGNE,SN,Passenger
9714446,663096000,AGUENE,SN,Passenger
9383132,663036000,"ALINE SITOE DIATTA",SN,"Ro-Ro/Passenger Ship"
8317590,662345000,DAHAB,SD,Passenger
9653848,660005100,"F/V BELOUVE",RE,Fishing
9651993,660004900,"F/V DOLOMIEU",RE,Fishing
9476238,660004300,MANAPANY,RE,Fishing
9395848,660003900,"VB CARTIER",RE,Tug
9401609,660002300,MANOHAL,RE,Fishing
9600853,660002000,"F/V BERNICA",RE,Fishing
9144639,659429000,OMAKE,NA,"Fishing Vessel"
8731849,659426000,"MINCHOS NOVENO",NA,"Fishing Vessel"
8227290,659409000,"DESERT RUBY",NA,"Factory Trawler"
9557991,659391000,ONKOSHI,NA,Reserved
8881888,659350000,KAINAB,NA,Fishing
7212468,659254000,"GRAND BANKS",NA,"Mining Vessel"
8307703,659253000,GARIEP,NA,"Other Type"
7419389,659252000,"DEBMAR PACIFIC",NA,"Mining Vessel"
7508611,659192000,"DEBMAR ATLANTIC",NA,"Other Type"
9259123,659070000,"OCEAN FRESH",NA,"Fishing Vessel"
7002356,659068000,"GREEN SEA",NA,Fishing
7388358,659036000,"BLUE SEA I",NA,Fishing
7235850,658322576,NADIA,,"Oil Products Tanker"
9106065,657997000,"MV WELLMANNED 3",NG,Tug
9607318,657993000,"SEA STERLING",NG,Tanker
9222962,657991000,"BONGA FPSO",NG,"Other Type"
9181778,657979000,TEBAH,NG,"Anchor Handling Vessel"
9596181,657978000,"JASCON 45",NG,"Other Type"
9596193,657977000,"JASCON 46",NG,"Other Type"
7402427,657976000,JASCON22,NG,"Anchor Handling Vessel"
9579389,657974000,"EKULO SPIRIT",NG,"Other Type"
9664251,657968000,"BUTLER SPIRIT",NG,Tug
8619443,657966000,"UM  BALWA",NG,"Oil Products Tanker"
8619455,657965000,DIDDI,NG,"Oil Products Tanker"
9669706,657949000,"DEFENDER 1",NG,"Crew Boat"
7928718,657942000,LEADERSHIP,NG,"Inland Tanker"
9122796,657939000,"HD CONTENDER",NG,"Diving Support Vessel"
7402415,657933000,JASCON10,NG,"Anchor Handling Vessel"
9528108,657929000,"JASC0N 21",NG,"Other Type"
8901688,657928000,"MT DANNY ROSE",NG,Tanker
9629603,657922000,"DSV AVIANNA",NG,"Diving Support Vessel"
9499319,657918000,"PRINCE JOSEPH 1",NG,Tug
9368091,657916000,GODSHAND,NG,"Oil Products Tanker"
9183001,657915000,"SEABULK GALAXIE",NG,"Multi Purpose Offshore Vessel"
9644562,657905000,"MIDEN CRYSTAL",NG,Tug
9644598,657904000,"MIDEN IDARA",NG,Tug
9335898,657899000,"MT FAVOUR",NG,"Oil/Chemical Tanker"
8954673,657896000,"MV BRONEINESTIGATOR",NG,"Diving ops"
8734906,657887000,"HUDSON ELIK",NG,"Crew Boat"
9617777,657886000,"NESO II",NG,"Not available"
7930967,657877000,LODYCKE,NG,Tender
8416475,657861000,"HENTY PIONEER",NG,"Oil Products Tanker"
8128195,657850000,"MT GREAT  INCREASE",NG,"Oil/Chemical Tanker"
9463504,657845000,"AFRICAN VISION",NG,"Offshore Supply Ship"
9351751,657844000,"N.ARM OF GRACE",NG,"Oil/Chemical Tanker"
9340843,657828000,"N.WIND OF GRACE",NG,"Oil/Chemical Tanker"
8806682,657827000,"SEA GRACE",NG,"Oil/Chemical Tanker"
8716863,657826000,"SEA ADVENTURER",NG,"Oil/Chemical Tanker"
8935251,657824000,"MV SOLUWA",NG,"Not available"
7326219,657823000,"MV JORDYN I",NG,"Multi Purpose Offshore Vessel"
7517882,657819000,OLOIBIRI,NG,Tanker
9072654,657816000,CHAMPION,NG,"Oil Products Tanker"
9041136,657808000,"M T MATRIX I",NG,"Oil Products Tanker"
9561588,657803000,"HD SCORPION",NG,"Other Type"
8888135,657802000,"MV AFRICAN STAR 2",NG,Passenger
9495430,657801000,"HD STEADFAST",NG,"Anchor Handling Vessel"
9616278,657674000,"MV EPHRAIM",NG,Tug
9540027,657666000,UTS,NG,"Other Type"
9014511,657656000,"MT EBUNOLA",NG,"Oil/Chemical Tanker"
7343865,657628000,"EKULO TORNADO 5601",NG,"Other Type"
8030611,657621000,"MV JANICE 1",NG,Reserved
9570539,657620000,"QUEEN VICTORIA 1",NG,"Not available"
9592147,657615000,"TMC PRIMUS",NG,"Other Type"
7388700,657601000,"M.T. TUMA",NG,"Floating Storage/Production"
8409068,657581000,NWABISA,NG,"Oil Products Tanker"
8204896,657571000,"MT ALPHA PROSPERITY",NG,"Chemical Tanker"
9567881,657568000,"C RACER",NG,"Other Type"
7716919,657566000,"PECOS     PETERS",NG,Cargo
8921274,657565000,"MV ZIKRON DEFENDER",NG,"Not available"
8420232,657551000,BADE,NG,"Oil/Chemical Tanker"
7422295,657513000,"JASCON 29",NG,"Anchor Handling Vessel"
8211021,657511000,WALVIS-7,NG,"Offshore Supply Ship"
7390313,657508000,WALVIS2,NG,Tug
9569308,657498000,"OPU-TAMUNO 1",NG,Tug
9569310,657497000,IBI-TEME,NG,Tug
9095723,657458000,BREAKTHROUGH,NG,Tanker
9560209,657452000,MELODY,NG,"Offshore Supply Ship"
9541239,657415000,"EUNICE III",NG,"Offshore Supply Ship"
9076985,657395000,DEEPWATER,NG,"Oil Products Tanker"
8421406,657393000,"MT ORE OFE",NG,"Oil/Chemical Tanker"
8230000,657388000,"JENNIFER 1",NG,"Cargo A"
7216282,657385000,"LADY KENTUCKY",NG,"Other Type"
9361146,657384000,"FPSO AKPO",NG,"Other Type"
8417150,657338000,"C TURF",NG,Tug
7103225,657323000,"BRONE EXPLORER",NG,"Other Type"
7029627,657321000,M.T.EFEOMO,NG,Cargo
9221724,657304000,"REBIRTH  99",NG,Tug
8207501,657294000,TIFFANY,NG,"Not available"
8311572,657293000,MV.MORGAN...........,NG,"Not available"
8116611,657285000,"MT ROYAL PRIESTHOOD",NG,"Oil Products Tanker"
9529011,657270000,UGODIE,NG,"High speed craft D"
7813884,657261000,"SEA RAY",NG,"Tanker A"
9468695,657243000,"BERGER ENDURANCE",NG,Tug
9466037,657228000,"SURFER 322",NG,Passenger
1604208,657216000,"M/V SIKA",NG,"Other Type"
9348417,657210000,"AGBAMI FPSO",NG,"Other Type"
7423794,657156000,GREENVILLE,NG,Tug
7907714,657155000,"TUG ZOR",NG,Tug
9802827,657133300,"AQUASHIELD IV",NG,"Other Type"
9802815,657133200,"AQUASHIELD III",NG,"Other Type"
9702338,657127500,ELIJAH,NG,"High speed craft"
9514432,657126900,"MT SHEBA",NG,"Oil Products Tanker"
9653123,657126300,LAHAMA,NG,"Other Type"
7708974,657124300,MARO,NG,Tug
9351189,657124100,"TSL INTREPID",NG,"Anchor Handling Vessel"
9537434,657122500,"LAMNALCO LION",NG,Tug
9320934,657122100,"BOURBON ALEXANDRE",NG,Tug
9383170,657121400,"LAMNALCO MACAW",NG,"Other Type"
8412742,657121100,"MV ISABELLA",NG,Cargo
8951774,657120900,"HUDSON MARY SILAS",NG,"Not available"
9746401,657120700,"MV ANNE 3",NG,Passenger
9693630,657119400,JASCON52,NG,"Not available"
9706671,657119300,"MT UROMI",NG,Tug
9706669,657119200,MAJIYA,NG,Tug
9261310,657118800,"FSIV ELIZABETH",NG,Tug
9702326,657118600,"BARAK DEFENDER",NG,"High speed craft"
8013106,657118500,"FLAGMAN 3",NG,"Oil Products Tanker"
9693886,657118300,"DSV VINNICE",NG,"Other Type"
7910826,657118100,"MATRIX TREASURE",NG,"Oil/Chemical Tanker"
8974219,657118000,"MIRACLE TEE",NG,"Oil Products Tanker"
9183623,657117900,AMIF,NG,"Oil Products Tanker"
7807574,657117800,"MV MPS II",NG,"Pleasure Craft"
9702314,657117300,"DEFENDER 6",NG,"Military ops"
9692210,657117200,"AFRICAN INSPIRATION",NG,Cargo
9730593,657116900,"MV ODIANOSEN",NG,"Other Type"
7341661,657115400,"PROVIDER 1",NG,"Inland Tanker"
9117246,657115100,"HD PIONEER",NG,"Diving Support Platform"
7235874,657114900,"DAMAS VICTORY",NG,"Offshore Supply Ship"
6611150,657114200,"WAF 1",NG,Tug
9371464,657113400,"SMIT LINGGA",NG,"Anchor Handling Vessel"
9375173,657113200,"SL TWITE",NG,"Other Type"
9406283,657112500,"JASCON 26",NG,Tug
9395549,657112400,"JASCON 23",NG,"Other Type"
9659517,657112300,"UNITED TRADER",NG,Tanker
9070905,657112200,"ADEBOMI 1",NG,"Oil/Chemical Tanker"
9681364,657112000,"PRINCESS AJIRIOGHENE",,"Not available"
9035266,657111700,"MT OLUWASEUN",NG,"Oil Products Tanker"
9221164,657111600,"BLACK MARLIN",NG,"Crew Boat"
8968636,657111500,"BLUE MARLIN",NG,"Other Type"
9635080,657111300,"JASCON 55",NG,"Diving Support Vessel"
1000001,657111061,"NNS HAWK",NG,"Military ops"
1000001,657111044,"NNS VIPER",NG,"Military ops"
1000001,657111039,"NNS EKO",NG,"Military ops"
9504683,657110900,"BOURBON AXELLE",NG,Passenger
9220172,657110400,TORIA,NG,"Crew Boat"
9596442,657107400,"ENL SUPERIOR",NG,Tug
8836302,657107200,"HMT 2",NG,Passenger
9252462,657106000,"HD ENTERPRISE",NG,"Dredging or underwater ops"
9523471,657105800,"UNITED VENTURE",NG,"Oil/Chemical Tanker"
9386859,657105300,JASCON12,NG,Tug
9199969,657105200,"WALVIS 12",NG,"Other Type"
9545601,657105100,JACON20,NG,"Anchor Handling Vessel"
9395537,657105000,"JASCON 24",NG,"Anchor Handling Vessel"
9386847,657104500,JASCON11,NG,"Anchor Handling Vessel"
7602297,657102900,"MV    EMER",NG,Cargo
8955108,657102000,"HUDSON CAPT ELENDU",NG,"Military ops"
8868563,657101500,IMPALA,NG,Passenger
9668257,657101100,"MV TEMILE",NG,"Other Type"
9664249,657100000,"MV SOPHIA MARIA",NG,Tug
8655722,657098976,"XIN ZHOU HAI",NG,"General Cargo"
9280823,657011052,"ERHA FPSO",NG,"Floating Storage/Production"
9252670,657011005,EMEKUKU,NG,Tug
9252682,657011003,GUSAU,NG,Tug
9252694,657011002,"MT MANGU",NG,Tug
8011512,656845261,HONGXING,NE,
8844464,656788000,SHAKIL.2,NE,Cargo
7398262,656773424,"MV JUNNIFER II",NE,"Tug/Supply Vessel"
9600000,655000000,"KOTA SURIA",MW,Cargo
8908569,654312271,"QUEEN ISABELLA",MR,"Lpg Tanker"
9692064,654099000,"OUALATA 1",MR,Towing
8850437,654046100,"AKCHAR 2",MR,Fishing
8600234,654045800,"TAZIAZET -1",MR,"Not available"
8802399,654045700,AKCHAR,MR,Fishing
9739446,652000000,"TONG ZHOU 801",,"Not available"
9392511,650148000,"SOFIA 3",MZ,Tug
9641144,650140000,MACUTI,MZ,"Trailing Suction Hopper Dredger"
9048196,647731400,"EHOALA TROZO",MG,Tug
9449170,647581120,NOE,MG,Tug
8891388,647521310,"BARGE EXPRESS",MG,"Other Type"
9640401,646016479,"NEWLEAD ALBION",,"Bulk Carrier"
9640401,646016478,"NEWLEAD ALBION",,"Bulk Carrier"
9467654,645901551,SARA,MU,Tanker
8108676,645400000,"LEON THEVENIN",MU,"Cable Layer"
9541899,645399000,"DIVINE DOLPHIN",MU,"Anchor Handling Vessel"
8819287,645376000,AUXIS,MU,Reefer
9679634,645374000,"F/V BELLE ISLE",MU,Fishing
9679622,645373000,"F/V BELLE RIVE",MU,Sailing
9612272,645357000,"LOUIS 1",MU,"Not available"
9632325,645350000,"TRISTAR GLORY",MU,Tanker
9580390,645337000,"RED EAGLE",MU,"Crude Oil Tanker"
9413482,645314000,"M.V.BEAS DOLPHIN",MU,"Other Type"
9119335,645309000,"GERARDUS MERCATOR",MU,"Trailing Suction Hopper Dredger"
9460710,645301000,"DA PATTEN",MU,"Not available"
6829795,645273000,SANDERUS,MU,"Trailing Suction Hopper Dredger"
9458286,645270000,"DN 75",MU,"Pilot Vessel"
9329772,645264000,DN202,MU,"Work Vessel"
9128518,645260000,ETELIS,MU,Fishing
9385295,645259000,DN85,MU,Tug
9225287,645161000,"MAURITIUS TROCHETIA",MU,"Passenger/Cargo Ship"
7931014,645160000,"VERRAZZANO 1800",MU,"Motor Hopper"
7931002,645159000,"MAGELLANO 1800",MU,"Motor Hopper"
8411592,645157000,"LEONARDO DA VINCI",MU,"Cutter Suction Dredger"
9083237,645147000,NINA,MU,"Trailing Suction Hopper Dredger"
7821051,645138000,"MARCO POLO",MU,"Cutter Suction Dredger"
8112380,645133000,PELAMIS,MU,Cargo
9255517,644288000,"SEYCHELLES PIONEER",LS,"Oil/Chemical Tanker"
8658229,642795000,"NAWASI ALKIR 1",LY,Fishing
2812615,642584523,615,LY,"Not available"
9210696,642167093,GIULIANA,LY,"General Cargo"
9275256,642167062,"ANWAAR LIBYA",LY,"Oil Products Tanker"
9275268,642167061,"ANWAAR AFRIQYA",LY,"Oil Products Tanker"
9418432,642166067,ALMERGHEB,LY,Tug
7236191,642165063,SLOUG,LY,"Floating Storage/Production"
9277840,642157047,BENGHAZI,LY,"Dredging or underwater ops"
9141259,642137027,MASHHOUDA,LY,"Oil Products Tanker"
9140126,642136026,TAZERBO,LY,"Lpg Tanker"
9343338,642122024,"M/T ALJALAA",LY,"Crude Oil Tanker"
9331141,642122021,SAMRAA_ALKHALEEJ,LY,"Crude Oil Tanker"
9331153,642122020,ALHANI,LY,"Crude Oil Tanker"
9313424,642122019,"ANWAAR ALKHALIJ",LY,"Oil/Chemical Tanker"
9313450,642122018,"ANWAAR ALNASER",LY,"Oil/Chemical Tanker"
9415399,642122017,BARBAROSA,LY,"Crude Oil Tanker"
9415404,642122016,"AL AGAILA",LY,Tanker
9389318,642122014,CARTAGENA,LY,"Oil/Chemical Tanker"
9386861,642122013,MAETIGA,LY,"Oil/Chemical Tanker"
9380893,642122012,"17 FEBRUARY",LY,"Crude Oil Tanker"
9356426,642122010,BADR,LY,"Crude Oil Tanker"
9356438,642122009,ALYARMOUK,LY,"Crude Oil Tanker"
9318084,642122007,LIBYA,LY,"Crude Oil Tanker"
8765333,642122000,FARWAH,LY,Tanker
9615822,642112004,ALHANI,LY,Tug
9120322,638014382,"SCF SUEK",,"Bulk Carrier"
9515319,638006582,IRIS,,"Oil/Chemical Tanker"
9198941,637742619,SRCOA,LR,"Ro-Ro/Passenger Ship"
9039054,637140882,MARTHA,LR,"Bulk Carrier"
9079183,637064296,ALIZEA,LR,"Oil/Chemical Tanker"
9627916,637016177,"CSAV TRANCURA",LR,"Container Ship"
9069841,636906984,SHILOH,LR,Tug
9676931,636222431,2#PSV,LR,"Not available"
6894097,636163173,MILOIT,LR,Tanker
9999999,636123456,"CMA CGM",LR,"Not available"
1863478,636123321,TEST,LR,Tanker
1234567,636111111,TEST,LR,"Not available"
9686326,636110000,H1277,LR,"Not available"
9200772,636106637,"CAPT THOMAS",LR,Tanker
9405514,636092690,"RHL MONICA",LR,"Bulk Carrier"
9358864,636092689,"RHL CLARITA",LR,"Bulk Carrier"
9407213,636092686,FILYOZ,LR,"Oil/Chemical Tanker"
9342889,636092685,"TETE OLDENDORFF",LR,"Bulk Carrier"
9682930,636092677,SILVERGATE,LR,"Bulk Carrier"
9588586,636092676,CALIMERO,LR,"Bulk Carrier"
9602679,636092675,"NORDIC MALMOE",LR,"Bulk Carrier"
9244219,636092673,DIAMOND,LR,"Bulk Carrier"
9113692,636092671,"KATHARINA P",LR,"Container Ship"
9341421,636092668,FREDERICIA,LR,Tanker
9444728,636092667,"SANTA ISABEL",LR,"Container Ship"
9731717,636092666,"ULTRA LETIZIA",LR,Cargo
9452268,636092663,YAMUNA,LR,"Oil/Chemical Tanker"
9308596,636092662,"VEGA OMIKRON",LR,"Container Ship"
9151864,636092661,"HANSA NARVIK",LR,"Container Ship"
9319569,636092660,"E.R. SYDNEY",LR,"General Cargo"
9394040,636092659,"NORIENT SATURN",LR,"Oil/Chemical Tanker"
9424560,636092658,"INDUSTRIAL GRACE",LR,"General Cargo"
9261748,636092657,"AL ENTERPRISE",LR,"Container Ship"
9267651,636092656,GENOA,LR,"Container Ship"
9230311,636092654,"SUEZ CANAL",LR,"Container Ship"
9487653,636092653,"NORTH QUAY",LR,"Bulk Carrier"
9349875,636092652,PONA,LR,"Container Ship"
9396660,636092651,CLIO,LR,"Crude Oil Tanker"
9448891,636092649,GANGA,LR,"Oil/Chemical Tanker"
9208112,636092648,"BALTIC COMMANDER I",LR,"Oil/Chemical Tanker"
9238325,636092647,"NORDIC SUZHOU",LR,"Bulk Carrier"
9696917,636092639,"ANTONIE OLDENDORFF",LR,Cargo
9225421,636092638,"AS ARIES",LR,"Container Ship"
9225433,636092637,"AS VEGA",LR,"Container Ship"
9578256,636092636,"M V TORBEN",LR,"Offshore Construction Jack Up"
9226372,636092635,"MAIKE D",LR,"Container Ship"
9483683,636092634,"NORDIC LUEBECK",LR,"Container Ship"
9135779,636092632,MAIDO,LR,"Lpg Tanker"
8602476,636092631,"BOLD CHALLENGER",LR,"Ore Carrier"
9731705,636092630,"ULTRA DANIELA",LR,Cargo
9147083,636092629,PORTUGAL,LR,"Container Ship"
9397585,636092627,"BEATRICE SCHULTE",LR,"Container Ship"
9696905,636092626,"ALFRED OLDENDORFF",LR,Cargo
